1 976215 A C	Pathogenic
1 976215 A G	Pathogenic
1 976215 A T	Pathogenic
1 1043197 G A	Pathogenic
1 1043197 G C	Pathogenic
1 1043197 G T	Pathogenic
1 2520467 C T	Pathogenic
1 6211119 G A	Pathogenic
1 6211119 G T	Pathogenic
1 7809893 C G	Pathogenic
1 7809900 A G	Pathogenic
1 9982630 G A	Pathogenic
1 11794389 A G	Pathogenic
1 11794443 C A	Pathogenic
1 11794443 C G	Pathogenic
1 11794443 C T	Pathogenic
1 11800250 C T	Pathogenic
1 11972968 G A	Pathogenic
1 11972977 C T	Pathogenic
1 12009641 C T	Pathogenic
1 12345471 C T	Pathogenic
1 15438465 A G	Pathogenic
1 15461640 C T	Pathogenic
1 15462758 C A	Pathogenic
1 15462758 C T	Pathogenic
1 16046534 G A	Pathogenic
1 16046534 G C	Pathogenic
1 16048537 G A	Pathogenic
1 17022685 G A	Pathogenic
1 17027749 C T	Pathogenic
1 17262194 T A	Pathogenic
1 17267938 C G	Pathogenic
1 17267938 C T	Pathogenic
1 17280704 C T	Pathogenic
1 17697186 G A	Pathogenic
1 17697186 G T	Pathogenic
1 19155051 C T	Pathogenic
1 19243681 G A	Pathogenic
1 19243681 G C	Pathogenic
1 20633840 C G	Pathogenic
1 20633840 C T	Pathogenic
1 20644651 C T	Pathogenic
1 20649109 C T	Pathogenic
1 20649217 C T	Pathogenic
1 21225324 C A	Pathogenic
1 21225324 C G	Pathogenic
1 21225324 C T	Pathogenic
1 21564094 G A	Pathogenic
1 21564094 G C	Pathogenic
1 21564139 G A	Pathogenic
1 21564139 G C	Pathogenic
1 21575855 G A	Pathogenic
1 23796777 G A	Pathogenic
1 23854377 C T	Pathogenic
1 24331440 G A	Pathogenic
1 24331440 G C	Pathogenic
1 25284753 T C	Pathogenic
1 25303329 T G	Pathogenic
1 25554973 G A	Pathogenic
1 26045009 C T	Pathogenic
1 29303909 C T	Pathogenic
1 29325243 A C	Pathogenic
1 34785259 A G	Pathogenic
1 34785259 A T	Pathogenic
1 36093332 C G	Pathogenic
1 36093332 C T	Pathogenic
1 36468158 C T	Pathogenic
1 39318497 G A	Pathogenic
1 39967913 C A	Pathogenic
1 39967913 C T	Pathogenic
1 40091398 T A	Pathogenic
1 42739981 G A	Pathogenic
1 42740005 C T	Pathogenic
1 42757782 C A	Pathogenic
1 43321696 G A	Pathogenic
1 43431525 T C	Pathogenic
1 43443630 C G	Pathogenic
1 43443630 C T	Pathogenic
1 43972498 C G	Pathogenic
1 43972498 C T	Pathogenic
1 44881709 A C	Pathogenic
1 45327936 C G	Pathogenic
1 45327936 C T	Pathogenic
1 45331220 C A	Pathogenic
1 45331529 G A	Pathogenic
1 45332446 G A	Pathogenic
1 45500334 T C	Pathogenic
1 45500334 T G	Pathogenic
1 45500412 A G	Pathogenic
1 45508210 A G	Pathogenic
1 45508329 C A	Pathogenic
1 45508329 C T	Pathogenic
1 45508806 G A	Pathogenic
1 45508806 G C	Pathogenic
1 45509032 C A	Pathogenic
1 46194860 G A	Pathogenic
1 52375574 C T	Pathogenic
1 53210354 C T	Pathogenic
1 53210438 A G	Pathogenic
1 53213278 C T	Pathogenic
1 53906216 G A	Pathogenic
1 53906216 G T	Pathogenic
1 54999208 C T	Pathogenic
1 56940965 G A	Pathogenic
1 56940965 G C	Pathogenic
1 56940965 G T	Pathogenic
1 56949599 G A	Pathogenic
1 56949599 G T	Pathogenic
1 56949680 T A	Pathogenic
1 65610029 G A	Pathogenic
1 65636397 C G	Pathogenic
1 65636397 C T	Pathogenic
1 68444656 G A	Pathogenic
1 68444656 G T	Pathogenic
1 68444858 G A	Pathogenic
1 75732746 G T	Pathogenic
1 75745788 G A	Pathogenic
1 75761221 C A	Pathogenic
1 75761221 C T	Pathogenic
1 75761261 G A	Pathogenic
1 75761261 G C	Pathogenic
1 75822482 A G	Pathogenic
1 75897925 A C	Pathogenic
1 75897925 A G	Pathogenic
1 93997932 G A	Pathogenic
1 93997932 G T	Pathogenic
1 93998027 A G	Pathogenic
1 94001072 G A	Pathogenic
1 94001082 G A	Pathogenic
1 94001082 G T	Pathogenic
1 94005469 C G	Pathogenic
1 94005469 C T	Pathogenic
1 94005499 C T	Pathogenic
1 94005509 G A	Pathogenic
1 94008252 C T	Pathogenic
1 94030427 C T	Pathogenic
1 94030453 G A	Pathogenic
1 94030453 G T	Pathogenic
1 94031080 A G	Pathogenic
1 94031836 G C	Pathogenic
1 94031836 G T	Pathogenic
1 94041345 C A	Pathogenic
1 94041345 C T	Pathogenic
1 94041387 A G	Pathogenic
1 94041403 C T	Pathogenic
1 94042767 G A	Pathogenic
1 94042877 G A	Pathogenic
1 94043413 G A	Pathogenic
1 94044733 G A	Pathogenic
1 94060656 G A	Pathogenic
1 94060656 G T	Pathogenic
1 94063280 T C	Pathogenic
1 94111546 C A	Pathogenic
1 94111546 C T	Pathogenic
1 97515787 A C	Pathogenic
1 97515787 A T	Pathogenic
1 97740456 G A	Pathogenic
1 97883353 G A	Pathogenic
1 99861676 C T	Pathogenic
1 99880047 G T	Pathogenic
1 99884704 G A	Pathogenic
1 99884704 G T	Pathogenic
1 99891336 C T	Pathogenic
1 100216085 C A	Pathogenic
1 109258951 C G	Pathogenic
1 109258951 C T	Pathogenic
1 110064595 G A	Pathogenic
1 113908017 C T	Pathogenic
1 114716109 C G	Pathogenic
1 114716109 C T	Pathogenic
1 118093260 C G	Pathogenic
1 118093260 C T	Pathogenic
1 119421886 G A	Pathogenic
1 119764171 C A	Pathogenic
1 119764171 C T	Pathogenic
1 119764511 C T	Pathogenic
1 119917685 G A	Pathogenic
1 119917685 G C	Pathogenic
1 119917685 G T	Pathogenic
1 145919695 T C	Pathogenic
1 145927328 C G	Pathogenic
1 145927447 C A	Pathogenic
1 145927447 C T	Pathogenic
1 147659496 C A	Pathogenic
1 147659496 C T	Pathogenic
1 149007217 A G	Pathogenic
1 149007217 A T	Pathogenic
1 149784224 C T	Pathogenic
1 150796864 G A	Pathogenic
1 150806225 C T	Pathogenic
1 151024795 G C	Pathogenic
1 151024795 G T	Pathogenic
1 152303311 G A	Pathogenic
1 152303311 G C	Pathogenic
1 152303434 G A	Pathogenic
1 152303434 G C	Pathogenic
1 152303434 G T	Pathogenic
1 152303659 G A	Pathogenic
1 152303659 G C	Pathogenic
1 152303659 G T	Pathogenic
1 152304661 G A	Pathogenic
1 152304661 G C	Pathogenic
1 152304939 G C	Pathogenic
1 152304939 G T	Pathogenic
1 152305146 G A	Pathogenic
1 152305146 G C	Pathogenic
1 152305146 G T	Pathogenic
1 152305801 G A	Pathogenic
1 152306769 G C	Pathogenic
1 152307049 T A	Pathogenic
1 152307547 G A	Pathogenic
1 152307547 G C	Pathogenic
1 152307547 G T	Pathogenic
1 152307622 C A	Pathogenic
1 152307622 C T	Pathogenic
1 152307637 G A	Pathogenic
1 152307697 G A	Pathogenic
1 152307697 G C	Pathogenic
1 152307805 G A	Pathogenic
1 152307805 G T	Pathogenic
1 152307855 G C	Pathogenic
1 152308777 G A	Pathogenic
1 152308956 G A	Pathogenic
1 152308956 G C	Pathogenic
1 152308956 G T	Pathogenic
1 152309046 C G	Pathogenic
1 152309046 C T	Pathogenic
1 152309494 G A	Pathogenic
1 152309494 G C	Pathogenic
1 152309494 G T	Pathogenic
1 152309503 C A	Pathogenic
1 152309503 C G	Pathogenic
1 152309503 C T	Pathogenic
1 152309752 G A	Pathogenic
1 152309752 G C	Pathogenic
1 152309752 G T	Pathogenic
1 152309785 G A	Pathogenic
1 152309785 G C	Pathogenic
1 152309785 G T	Pathogenic
1 152310342 G C	Pathogenic
1 152310342 G T	Pathogenic
1 152311468 G A	Pathogenic
1 152311468 G C	Pathogenic
1 152311953 G A	Pathogenic
1 152311953 G T	Pathogenic
1 152312524 G A	Pathogenic
1 152312524 G C	Pathogenic
1 152313060 G A	Pathogenic
1 152313060 G T	Pathogenic
1 152313385 G A	Pathogenic
1 152313385 G T	Pathogenic
1 152313823 G A	Pathogenic
1 152313823 G T	Pathogenic
1 152313909 C T	Pathogenic
1 152315363 C A	Pathogenic
1 154275261 G A	Pathogenic
1 154936607 C A	Pathogenic
1 155235252 A C	Pathogenic
1 155235252 A G	Pathogenic
1 155238215 T C	Pathogenic
1 155239615 C T	Pathogenic
1 155240629 C A	Pathogenic
1 155240629 C T	Pathogenic
1 155291845 C T	Pathogenic
1 155291863 C A	Pathogenic
1 155291863 C T	Pathogenic
1 155291882 G A	Pathogenic
1 155291882 G T	Pathogenic
1 155291918 G A	Pathogenic
1 156879336 G T	Pathogenic
1 158093761 C T	Pathogenic
1 158643524 G A	Pathogenic
1 158643524 G C	Pathogenic
1 158667857 C T	Pathogenic
1 158678432 A G	Pathogenic
1 158685289 C A	Pathogenic
1 158685289 C T	Pathogenic
1 159204893 T C	Pathogenic
1 159205704 C T	Pathogenic
1 160282943 C T	Pathogenic
1 161076355 C T	Pathogenic
1 161223893 G A	Pathogenic
1 161223893 G C	Pathogenic
1 161223893 G T	Pathogenic
1 161629853 T A	Pathogenic
1 161629853 T C	Pathogenic
1 161629989 G A	Pathogenic
1 161629989 G C	Pathogenic
1 161629989 G T	Pathogenic
1 161984849 C A	Pathogenic
1 161984849 C T	Pathogenic
1 161998241 C A	Pathogenic
1 161998241 C T	Pathogenic
1 164559874 G A	Pathogenic
1 164559874 G C	Pathogenic
1 164559874 G T	Pathogenic
1 169477212 C G	Pathogenic
1 169477212 C T	Pathogenic
1 169555299 C G	Pathogenic
1 171108216 G T	Pathogenic
1 171114092 G A	Pathogenic
1 171114092 G T	Pathogenic
1 171114108 C T	Pathogenic
1 171114339 G A	Pathogenic
1 171114339 G T	Pathogenic
1 171117342 G A	Pathogenic
1 171117342 G T	Pathogenic
1 173833446 G A	Pathogenic
1 173853456 C G	Pathogenic
1 173853456 C T	Pathogenic
1 173904011 G A	Pathogenic
1 173907528 C G	Pathogenic
1 173907528 C T	Pathogenic
1 173914743 G A	Pathogenic
1 176945951 C G	Pathogenic
1 176945951 C T	Pathogenic
1 179552605 G A	Pathogenic
1 179552605 G C	Pathogenic
1 179559710 C T	Pathogenic
1 181049076 G A	Pathogenic
1 183215527 C G	Pathogenic
1 183215527 C T	Pathogenic
1 196340503 G A	Pathogenic
1 197060365 C T	Pathogenic
1 197093168 G A	Pathogenic
1 197421825 T A	Pathogenic
1 197427861 G A	Pathogenic
1 197435035 G A	Pathogenic
1 197435035 G T	Pathogenic
1 197438660 G A	Pathogenic
1 202742654 C G	Pathogenic
1 202742654 C T	Pathogenic
1 204155021 G A	Pathogenic
1 205071989 C T	Pathogenic
1 207761338 T G	Pathogenic
1 209623999 G A	Pathogenic
1 209623999 G T	Pathogenic
1 209650092 G A	Pathogenic
1 209650092 G C	Pathogenic
1 209650092 G T	Pathogenic
1 215648621 G C	Pathogenic
1 215648657 G A	Pathogenic
1 215674530 C A	Pathogenic
1 215723621 G C	Pathogenic
1 215877882 T C	Pathogenic
1 215879068 C T	Pathogenic
1 215888482 G A	Pathogenic
1 215900754 C T	Pathogenic
1 216097109 G A	Pathogenic
1 216097196 G A	Pathogenic
1 216175483 C T	Pathogenic
1 220141834 C T	Pathogenic
1 220143003 G A	Pathogenic
1 225921329 G A	Pathogenic
1 226735804 G A	Pathogenic
1 226735804 G C	Pathogenic
1 226735804 G T	Pathogenic
1 226736237 A C	Pathogenic
1 226736237 A G	Pathogenic
1 226736237 A T	Pathogenic
1 226736495 C T	Pathogenic
1 228174786 C T	Pathogenic
1 235470869 C G	Pathogenic
1 235712144 G A	Pathogenic
1 236895391 C T	Pathogenic
1 240493438 G A	Pathogenic
1 241519720 C T	Pathogenic
1 247418855 G A	Pathogenic
1 247418855 G C	Pathogenic
2 1494011 C G	Pathogenic
2 1494011 C T	Pathogenic
2 1503955 C A	Pathogenic
2 1503955 C T	Pathogenic
2 1503956 G A	Pathogenic
2 1516942 G A	Pathogenic
2 1903144 A C	Pathogenic
2 1903144 A G	Pathogenic
2 10771871 T C	Pathogenic
2 11795406 A G	Pathogenic
2 15511255 G A	Pathogenic
2 19945941 G A	Pathogenic
2 19953852 C T	Pathogenic
2 25244214 G A	Pathogenic
2 26195184 C G	Pathogenic
2 26278754 C T	Pathogenic
2 26285546 T A	Pathogenic
2 26285546 T C	Pathogenic
2 26285546 T G	Pathogenic
2 26450086 G A	Pathogenic
2 26450086 G T	Pathogenic
2 26458218 C T	Pathogenic
2 26465671 C G	Pathogenic
2 26465671 C T	Pathogenic
2 26477210 G A	Pathogenic
2 26479356 G A	Pathogenic
2 26479356 G T	Pathogenic
2 26479639 C A	Pathogenic
2 26479639 C T	Pathogenic
2 27207283 C A	Pathogenic
2 27207283 C G	Pathogenic
2 27207283 C T	Pathogenic
2 27239731 G A	Pathogenic
2 27311897 A G	Pathogenic
2 27312681 T A	Pathogenic
2 27312681 T G	Pathogenic
2 27461346 G A	Pathogenic
2 31526224 C T	Pathogenic
2 31526225 G A	Pathogenic
2 31529325 C T	Pathogenic
2 31529416 C T	Pathogenic
2 31533741 G A	Pathogenic
2 31533741 G T	Pathogenic
2 31580747 C A	Pathogenic
2 31580747 C T	Pathogenic
2 31580885 G A	Pathogenic
2 32063958 G C	Pathogenic
2 32063958 G T	Pathogenic
2 38071024 G A	Pathogenic
2 38071024 G T	Pathogenic
2 38071044 G A	Pathogenic
2 38071044 G T	Pathogenic
2 38074811 G A	Pathogenic
2 38074811 G C	Pathogenic
2 38675965 C G	Pathogenic
2 38675965 C T	Pathogenic
2 39012319 T A	Pathogenic
2 39012319 T G	Pathogenic
2 42055298 G A	Pathogenic
2 42055298 G C	Pathogenic
2 42055298 G T	Pathogenic
2 43224882 A C	Pathogenic
2 43224882 A G	Pathogenic
2 43774140 T C	Pathogenic
2 43824071 C T	Pathogenic
2 43838755 G A	Pathogenic
2 43839055 T C	Pathogenic
2 43839055 T G	Pathogenic
2 43872094 G A	Pathogenic
2 43872094 G T	Pathogenic
2 43875265 G A	Pathogenic
2 43946109 T G	Pathogenic
2 44281446 C T	Pathogenic
2 44304310 T C	Pathogenic
2 44304310 T G	Pathogenic
2 44312607 C A	Pathogenic
2 44312607 C G	Pathogenic
2 44312607 C T	Pathogenic
2 44322730 C A	Pathogenic
2 44322730 C T	Pathogenic
2 47011330 G A	Pathogenic
2 47011330 G T	Pathogenic
2 47029365 G A	Pathogenic
2 47029365 G T	Pathogenic
2 48687928 A C	Pathogenic
2 48687928 A G	Pathogenic
2 48687928 A T	Pathogenic
2 48687950 G T	Pathogenic
2 53817965 A C	Pathogenic
2 53817965 A G	Pathogenic
2 55181606 C A	Pathogenic
2 55181606 C T	Pathogenic
2 55683819 G A	Pathogenic
2 58160108 C T	Pathogenic
2 61838623 G A	Pathogenic
2 61838623 G C	Pathogenic
2 61839437 G A	Pathogenic
2 61839437 G C	Pathogenic
2 61839437 G T	Pathogenic
2 61839695 T A	Pathogenic
2 61842267 C A	Pathogenic
2 62904596 G A	Pathogenic
2 63404504 G A	Pathogenic
2 69363562 C T	Pathogenic
2 69363563 G A	Pathogenic
2 69423579 T C	Pathogenic
2 71515716 C T	Pathogenic
2 71520209 G A	Pathogenic
2 71551040 G A	Pathogenic
2 71551635 T C	Pathogenic
2 71568339 G A	Pathogenic
2 71570704 G A	Pathogenic
2 71613360 G T	Pathogenic
2 72887694 C T	Pathogenic
2 73408724 C T	Pathogenic
2 73448568 C T	Pathogenic
2 73452453 C G	Pathogenic
2 73489964 C G	Pathogenic
2 73489964 C T	Pathogenic
2 73572627 C T	Pathogenic
2 73847543 C T	Pathogenic
2 84433399 G T	Pathogenic
2 85551883 C T	Pathogenic
2 97194844 G A	Pathogenic
2 97196724 T G	Pathogenic
2 98181092 T C	Pathogenic
2 98396018 G A	Pathogenic
2 98396443 C G	Pathogenic
2 98396443 C T	Pathogenic
2 98396476 C T	Pathogenic
2 98397151 C A	Pathogenic
2 98397151 C T	Pathogenic
2 99162832 C G	Pathogenic
2 108907952 C A	Pathogenic
2 108907952 C T	Pathogenic
2 108929262 G A	Pathogenic
2 108929262 G T	Pathogenic
2 110131733 G A	Pathogenic
2 112098688 A G	Pathogenic
2 112764597 A G	Pathogenic
2 121530892 C G	Pathogenic
2 121530892 C T	Pathogenic
2 121530930 G A	Pathogenic
2 121531003 G A	Pathogenic
2 121531003 G T	Pathogenic
2 127427178 C T	Pathogenic
2 135130060 C T	Pathogenic
2 147948190 G C	Pathogenic
2 148468544 C A	Pathogenic
2 148468544 C T	Pathogenic
2 151501423 G A	Pathogenic
2 151506189 G A	Pathogenic
2 151525957 C T	Pathogenic
2 151636226 C G	Pathogenic
2 151636226 C T	Pathogenic
2 151657982 C T	Pathogenic
2 160174108 C A	Pathogenic
2 165310448 C A	Pathogenic
2 165310448 C T	Pathogenic
2 165313621 C T	Pathogenic
2 165373330 C T	Pathogenic
2 165381198 G A	Pathogenic
2 165386963 T C	Pathogenic
2 165754927 C G	Pathogenic
2 165754927 C T	Pathogenic
2 165761928 G A	Pathogenic
2 165761928 G T	Pathogenic
2 165770217 G A	Pathogenic
2 165907746 G A	Pathogenic
2 165991541 G A	Pathogenic
2 165994241 C G	Pathogenic
2 165994241 C T	Pathogenic
2 166036371 G A	Pathogenic
2 166036371 G T	Pathogenic
2 166043875 G A	Pathogenic
2 166043875 G T	Pathogenic
2 166228974 T C	Pathogenic
2 166278139 C G	Pathogenic
2 168969454 T A	Pathogenic
2 168969454 T C	Pathogenic
2 168990800 C A	Pathogenic
2 168990800 C T	Pathogenic
2 168995461 C T	Pathogenic
2 174753594 G A	Pathogenic
2 178453567 C G	Pathogenic
2 178453567 C T	Pathogenic
2 178528273 C G	Pathogenic
2 178528273 C T	Pathogenic
2 178528797 G A	Pathogenic
2 178528797 G C	Pathogenic
2 178535850 C A	Pathogenic
2 178568947 T A	Pathogenic
2 178569478 G A	Pathogenic
2 178569478 G C	Pathogenic
2 178614226 G A	Pathogenic
2 178672157 C A	Pathogenic
2 178672157 C T	Pathogenic
2 181539168 C A	Pathogenic
2 188991059 T C	Pathogenic
2 188999570 G A	Pathogenic
2 190213054 T C	Pathogenic
2 197402110 T A	Pathogenic
2 197402110 T C	Pathogenic
2 197402110 T G	Pathogenic
2 201078946 T C	Pathogenic
2 201632050 C G	Pathogenic
2 201632050 C T	Pathogenic
2 201633381 G A	Pathogenic
2 202555352 G A	Pathogenic
2 202556361 G A	Pathogenic
2 202556361 G C	Pathogenic
2 206138592 C T	Pathogenic
2 206141980 C T	Pathogenic
2 209776033 C A	Pathogenic
2 209776033 C T	Pathogenic
2 211673256 C T	Pathogenic
2 214730409 A G	Pathogenic
2 214937608 G A	Pathogenic
2 214986566 T C	Pathogenic
2 214987734 G A	Pathogenic
2 214987734 G T	Pathogenic
2 218164209 G A	Pathogenic
2 218165120 A C	Pathogenic
2 218643341 G A	Pathogenic
2 218643341 G T	Pathogenic
2 218661153 C T	Pathogenic
2 218661219 A G	Pathogenic
2 218663162 C T	Pathogenic
2 218809700 C G	Pathogenic
2 218809700 C T	Pathogenic
2 218812337 C T	Pathogenic
2 218812750 G A	Pathogenic
2 218812750 G C	Pathogenic
2 218812750 G T	Pathogenic
2 218812965 C T	Pathogenic
2 218813095 C T	Pathogenic
2 218814075 C T	Pathogenic
2 218814408 C T	Pathogenic
2 218882424 G A	Pathogenic
2 218890097 C T	Pathogenic
2 218890332 T A	Pathogenic
2 218890332 T C	Pathogenic
2 218890332 T G	Pathogenic
2 219280689 T A	Pathogenic
2 219421494 A G	Pathogenic
2 219421494 A T	Pathogenic
2 224511498 G A	Pathogenic
2 224511498 G T	Pathogenic
2 227057474 C G	Pathogenic
2 227099674 G A	Pathogenic
2 227256380 G A	Pathogenic
2 227273108 G A	Pathogenic
2 227284264 G A	Pathogenic
2 227699378 A G	Pathogenic
2 227921439 G A	Pathogenic
2 227921439 G C	Pathogenic
2 230183578 G A	Pathogenic
2 230183578 G C	Pathogenic
2 232483452 C T	Pathogenic
2 232484198 G A	Pathogenic
2 232524355 G T	Pathogenic
2 232527438 T A	Pathogenic
2 232527438 T C	Pathogenic
2 232542992 C T	Pathogenic
2 233320628 A G	Pathogenic
2 233758936 A C	Pathogenic
2 233758936 A G	Pathogenic
2 233758936 A T	Pathogenic
2 233760912 C A	Pathogenic
2 233760912 C G	Pathogenic
2 233760912 C T	Pathogenic
2 233772413 T A	Pathogenic
2 233772413 T C	Pathogenic
2 233772413 T G	Pathogenic
2 240797722 G A	Pathogenic
2 240797722 G T	Pathogenic
2 240868990 G A	Pathogenic
2 240873987 T A	Pathogenic
2 240873987 T C	Pathogenic
2 240878127 G A	Pathogenic
2 241678598 C T	Pathogenic
3 4417132 G A	Pathogenic
3 4417132 G C	Pathogenic
3 9917355 C T	Pathogenic
3 10073363 G A	Pathogenic
3 11348028 C T	Pathogenic
3 11358545 T C	Pathogenic
3 14156474 G A	Pathogenic
3 14156474 G C	Pathogenic
3 14158148 G A	Pathogenic
3 15453846 G A	Pathogenic
3 15453846 G T	Pathogenic
3 15453899 G A	Pathogenic
3 15453899 G T	Pathogenic
3 15644325 C T	Pathogenic
3 15644499 C G	Pathogenic
3 15644499 C T	Pathogenic
3 15645345 C T	Pathogenic
3 15645451 C T	Pathogenic
3 24122913 G A	Pathogenic
3 24122913 G C	Pathogenic
3 24122913 G T	Pathogenic
3 25720179 G A	Pathogenic
3 25733901 G A	Pathogenic
3 32997308 A G	Pathogenic
3 32997308 A T	Pathogenic
3 33016818 C T	Pathogenic
3 33018470 C T	Pathogenic
3 33018537 T G	Pathogenic
3 33058200 G A	Pathogenic
3 33058220 C T	Pathogenic
3 33072628 C T	Pathogenic
3 33129971 C T	Pathogenic
3 37014545 G A	Pathogenic
3 37014545 G C	Pathogenic
3 37014545 G T	Pathogenic
3 38011442 A G	Pathogenic
3 39136512 G T	Pathogenic
3 39265671 G A	Pathogenic
3 39265765 C T	Pathogenic
3 39396437 C T	Pathogenic
3 43605851 A G	Pathogenic
3 44901672 G A	Pathogenic
3 45417558 A C	Pathogenic
3 45417558 A G	Pathogenic
3 45417558 A T	Pathogenic
3 45496316 C A	Pathogenic
3 45516118 C T	Pathogenic
3 45967713 G A	Pathogenic
3 45967713 G C	Pathogenic
3 45979728 G A	Pathogenic
3 46858471 G A	Pathogenic
3 46858471 G C	Pathogenic
3 48566719 C A	Pathogenic
3 48566719 C T	Pathogenic
3 48570639 C T	Pathogenic
3 48575081 C A	Pathogenic
3 48575081 C T	Pathogenic
3 48601115 G A	Pathogenic
3 48601115 G T	Pathogenic
3 48859119 C G	Pathogenic
3 48884134 A C	Pathogenic
3 49005046 G A	Pathogenic
3 49014077 G A	Pathogenic
3 49171662 C T	Pathogenic
3 49417974 C G	Pathogenic
3 49417974 C T	Pathogenic
3 49419258 A C	Pathogenic
3 49419258 A T	Pathogenic
3 49419764 G A	Pathogenic
3 50194120 G T	Pathogenic
3 50345495 A G	Pathogenic
3 52322488 C T	Pathogenic
3 52404500 A C	Pathogenic
3 57105928 C T	Pathogenic
3 57198751 A G	Pathogenic
3 57198751 A T	Pathogenic
3 68978436 C T	Pathogenic
3 72832445 C A	Pathogenic
3 78606912 G A	Pathogenic
3 81536909 A C	Pathogenic
3 81536909 A G	Pathogenic
3 81642965 G A	Pathogenic
3 81642965 G T	Pathogenic
3 81648854 A G	Pathogenic
3 93905799 T C	Pathogenic
3 98590726 A T	Pathogenic
3 101231117 G A	Pathogenic
3 111122207 A C	Pathogenic
3 111122207 A G	Pathogenic
3 119486893 T C	Pathogenic
3 119486893 T G	Pathogenic
3 119703222 G C	Pathogenic
3 120633233 T C	Pathogenic
3 120638471 C A	Pathogenic
3 120638471 C G	Pathogenic
3 120638471 C T	Pathogenic
3 120638562 A C	Pathogenic
3 120638562 A G	Pathogenic
3 120644405 G A	Pathogenic
3 120644419 C G	Pathogenic
3 120644419 C T	Pathogenic
3 120650841 C T	Pathogenic
3 120650843 G A	Pathogenic
3 120682096 C T	Pathogenic
3 121781772 G A	Pathogenic
3 124055231 T G	Pathogenic
3 126498141 G A	Pathogenic
3 128906208 G A	Pathogenic
3 128909410 C T	Pathogenic
3 132659715 C A	Pathogenic
3 132675903 G A	Pathogenic
3 132675903 G T	Pathogenic
3 132688857 C T	Pathogenic
3 132694967 T C	Pathogenic
3 132699988 C A	Pathogenic
3 132699988 C T	Pathogenic
3 133947445 C T	Pathogenic
3 133979480 C T	Pathogenic
3 136256588 C T	Pathogenic
3 136327638 A G	Pathogenic
3 136327638 A T	Pathogenic
3 136329940 C A	Pathogenic
3 136329940 C T	Pathogenic
3 138103703 G A	Pathogenic
3 139348309 T G	Pathogenic
3 142493188 G A	Pathogenic
3 142549478 C A	Pathogenic
3 142549478 C T	Pathogenic
3 146110290 G C	Pathogenic
3 148741454 G A	Pathogenic
3 148994280 G C	Pathogenic
3 148994280 G T	Pathogenic
3 150941647 G T	Pathogenic
3 158658952 C T	Pathogenic
3 158690264 C T	Pathogenic
3 160268535 C G	Pathogenic
3 160307782 C A	Pathogenic
3 160307782 C T	Pathogenic
3 165019655 G A	Pathogenic
3 165019655 G C	Pathogenic
3 165829680 G A	Pathogenic
3 165829905 C A	Pathogenic
3 165829905 C T	Pathogenic
3 165830030 A G	Pathogenic
3 165830419 C A	Pathogenic
3 165830419 C T	Pathogenic
3 165830741 T C	Pathogenic
3 171644922 T C	Pathogenic
3 171676807 G A	Pathogenic
3 171699753 G A	Pathogenic
3 179413452 T C	Pathogenic
3 180650140 T C	Pathogenic
3 181712749 G C	Pathogenic
3 183041720 G A	Pathogenic
3 183057343 G A	Pathogenic
3 183071208 A T	Pathogenic
3 184136687 A G	Pathogenic
3 184137637 G A	Pathogenic
3 184137975 G A	Pathogenic
3 184140122 G A	Pathogenic
3 184140122 G C	Pathogenic
3 184140122 G T	Pathogenic
3 184140487 A G	Pathogenic
3 184140487 A T	Pathogenic
3 185519286 G T	Pathogenic
3 185519292 A T	Pathogenic
3 186620776 G A	Pathogenic
3 186620776 G T	Pathogenic
3 187235812 C G	Pathogenic
3 187235812 C T	Pathogenic
3 187236092 C T	Pathogenic
4 521842 G A	Pathogenic
4 523484 G A	Pathogenic
4 660590 C G	Pathogenic
4 660590 C T	Pathogenic
4 662189 A G	Pathogenic
4 662189 A T	Pathogenic
4 662197 C T	Pathogenic
4 667904 C T	Pathogenic
4 987131 C A	Pathogenic
4 991150 G A	Pathogenic
4 1004314 G A	Pathogenic
4 1004314 G C	Pathogenic
4 1004314 G T	Pathogenic
4 1004393 A G	Pathogenic
4 1004393 A T	Pathogenic
4 5622562 G A	Pathogenic
4 5640789 G A	Pathogenic
4 6301680 C T	Pathogenic
4 6301739 G A	Pathogenic
4 6301739 G C	Pathogenic
4 9996817 G A	Pathogenic
4 9996817 G C	Pathogenic
4 10072573 G A	Pathogenic
4 10072573 G C	Pathogenic
4 15502879 C G	Pathogenic
4 15502879 C T	Pathogenic
4 15516005 G A	Pathogenic
4 15537074 C A	Pathogenic
4 15537074 C G	Pathogenic
4 15537074 C T	Pathogenic
4 15557481 C T	Pathogenic
4 15596103 C T	Pathogenic
4 16009012 A T	Pathogenic
4 24800212 C G	Pathogenic
4 38796796 A G	Pathogenic
4 38796796 A T	Pathogenic
4 39467647 G A	Pathogenic
4 39503925 G A	Pathogenic
4 47936957 C T	Pathogenic
4 47937505 T C	Pathogenic
4 47952608 G A	Pathogenic
4 52029766 G A	Pathogenic
4 52029836 G A	Pathogenic
4 52038259 T C	Pathogenic
4 55346393 G A	Pathogenic
4 56441804 A G	Pathogenic
4 56820582 G A	Pathogenic
4 56820582 G C	Pathogenic
4 64309897 G A	Pathogenic
4 64309897 G C	Pathogenic
4 67754019 T C	Pathogenic
4 67754242 T C	Pathogenic
4 70033186 G A	Pathogenic
4 70033205 T A	Pathogenic
4 78255319 A G	Pathogenic
4 78255319 A T	Pathogenic
4 78372859 G A	Pathogenic
4 78479406 T C	Pathogenic
4 80036011 C A	Pathogenic
4 80036011 C T	Pathogenic
4 82636767 C A	Pathogenic
4 82636767 C G	Pathogenic
4 95840829 A G	Pathogenic
4 102344566 C A	Pathogenic
4 102344566 C T	Pathogenic
4 103158691 C A	Pathogenic
4 103158691 C T	Pathogenic
4 105399137 G A	Pathogenic
4 105437964 C T	Pathogenic
4 105437978 G A	Pathogenic
4 106262103 G A	Pathogenic
4 109766572 C T	Pathogenic
4 122328257 C T	Pathogenic
4 122743394 C T	Pathogenic
4 122947360 G A	Pathogenic
4 125415663 C G	Pathogenic
4 125415663 C T	Pathogenic
4 127920837 C T	Pathogenic
4 127930818 C A	Pathogenic
4 127930818 C T	Pathogenic
4 127939952 C A	Pathogenic
4 127939952 C T	Pathogenic
4 140399004 T C	Pathogenic
4 145639573 G A	Pathogenic
4 145655165 C T	Pathogenic
4 148435252 G A	Pathogenic
4 148435252 G C	Pathogenic
4 150806269 A G	Pathogenic
4 150897780 G A	Pathogenic
4 152322985 G A	Pathogenic
4 152322985 G T	Pathogenic
4 154565832 C T	Pathogenic
4 154606073 T C	Pathogenic
4 154606735 C T	Pathogenic
4 154606932 C T	Pathogenic
4 158680583 C T	Pathogenic
4 158682269 G A	Pathogenic
4 158682408 A T	Pathogenic
4 158684649 A G	Pathogenic
4 158706254 G C	Pathogenic
4 158706761 C T	Pathogenic
4 158706817 T C	Pathogenic
4 169438261 T C	Pathogenic
4 174522451 T A	Pathogenic
4 174522451 T C	Pathogenic
4 177438764 C G	Pathogenic
4 186208973 G A	Pathogenic
4 186208973 G T	Pathogenic
4 186252131 G A	Pathogenic
4 186252131 G T	Pathogenic
4 186280333 C T	Pathogenic
4 186284155 C T	Pathogenic
4 186284190 C T	Pathogenic
4 186285765 G A	Pathogenic
4 186620915 G T	Pathogenic
4 186628570 C A	Pathogenic
4 186628570 C T	Pathogenic
4 186708971 T C	Pathogenic
5 225988 C G	Pathogenic
5 225988 C T	Pathogenic
5 235230 C G	Pathogenic
5 1208827 G A	Pathogenic
5 1208827 G C	Pathogenic
5 1411328 G A	Pathogenic
5 13701289 G A	Pathogenic
5 13792059 G A	Pathogenic
5 13864633 G A	Pathogenic
5 13917178 C A	Pathogenic
5 13919265 T C	Pathogenic
5 13922330 T C	Pathogenic
5 33947275 G A	Pathogenic
5 33947275 G C	Pathogenic
5 33984219 T C	Pathogenic
5 33984374 G A	Pathogenic
5 33984374 G T	Pathogenic
5 35860981 T A	Pathogenic
5 35860981 T C	Pathogenic
5 37120306 G A	Pathogenic
5 37187797 C T	Pathogenic
5 37198797 G A	Pathogenic
5 38527296 T G	Pathogenic
5 39331711 G A	Pathogenic
5 39341276 G A	Pathogenic
5 39341276 G T	Pathogenic
5 40936337 G T	Pathogenic
5 41159152 G A	Pathogenic
5 41794217 C A	Pathogenic
5 42699830 C A	Pathogenic
5 44305045 G A	Pathogenic
5 44305045 G C	Pathogenic
5 60899728 C A	Pathogenic
5 60899728 C T	Pathogenic
5 60918314 G T	Pathogenic
5 60922155 G T	Pathogenic
5 69509196 C T	Pathogenic
5 71604422 G A	Pathogenic
5 71604422 G T	Pathogenic
5 71626706 A T	Pathogenic
5 71634977 G T	Pathogenic
5 71641018 G A	Pathogenic
5 71641018 G C	Pathogenic
5 74718804 C T	Pathogenic
5 78780633 G A	Pathogenic
5 78780649 C A	Pathogenic
5 78780649 C G	Pathogenic
5 79055859 T C	Pathogenic
5 80670095 A G	Pathogenic
5 80725472 C T	Pathogenic
5 80741549 G A	Pathogenic
5 88823787 A G	Pathogenic
5 88823787 A T	Pathogenic
5 95512589 C T	Pathogenic
5 95525586 C A	Pathogenic
5 95525586 C G	Pathogenic
5 96410949 G A	Pathogenic
5 112819294 G A	Pathogenic
5 112819294 G T	Pathogenic
5 126546342 T C	Pathogenic
5 126552059 C G	Pathogenic
5 128378884 T A	Pathogenic
5 128378884 T C	Pathogenic
5 129737114 C A	Pathogenic
5 129737114 C T	Pathogenic
5 132370023 C G	Pathogenic
5 132385354 C A	Pathogenic
5 132385354 C G	Pathogenic
5 132385354 C T	Pathogenic
5 132385355 G A	Pathogenic
5 132385369 A C	Pathogenic
5 132385369 A G	Pathogenic
5 132385370 C T	Pathogenic
5 132390709 T A	Pathogenic
5 132390832 C T	Pathogenic
5 132392565 C G	Pathogenic
5 132861671 C G	Pathogenic
5 134606993 C A	Pathogenic
5 136054857 G A	Pathogenic
5 137637338 G A	Pathogenic
5 137709759 T A	Pathogenic
5 137709759 T C	Pathogenic
5 138115748 C A	Pathogenic
5 138115748 C T	Pathogenic
5 141955844 C A	Pathogenic
5 147831792 C T	Pathogenic
5 149012634 G A	Pathogenic
5 149012634 G T	Pathogenic
5 149903647 C A	Pathogenic
5 149903647 C T	Pathogenic
5 149960981 T C	Pathogenic
5 149980428 C T	Pathogenic
5 162142293 C T	Pathogenic
5 173233062 C G	Pathogenic
5 176626472 C G	Pathogenic
5 176626472 C T	Pathogenic
5 177246710 C G	Pathogenic
5 177246710 C T	Pathogenic
5 177404231 G C	Pathogenic
5 177404231 G T	Pathogenic
5 177404498 C G	Pathogenic
5 177404498 C T	Pathogenic
5 177516318 G A	Pathogenic
5 177516943 C T	Pathogenic
5 177607309 C T	Pathogenic
5 177608994 C T	Pathogenic
5 178211964 T A	Pathogenic
5 178986225 G A	Pathogenic
5 178986225 G T	Pathogenic
5 178986393 G A	Pathogenic
5 180619749 C T	Pathogenic
6 629868 C T	Pathogenic
6 10528925 G A	Pathogenic
6 10874407 G A	Pathogenic
6 10877344 G A	Pathogenic
6 10877344 G T	Pathogenic
6 16327539 C A	Pathogenic
6 16327539 C T	Pathogenic
6 24533701 G A	Pathogenic
6 24533701 G C	Pathogenic
6 26093233 G A	Pathogenic
6 30919770 C T	Pathogenic
6 31464003 T G	Pathogenic
6 31592893 C T	Pathogenic
6 31593133 C G	Pathogenic
6 31724781 C T	Pathogenic
6 31758201 C G	Pathogenic
6 31758201 C T	Pathogenic
6 31860588 C T	Pathogenic
6 32038514 C T	Pathogenic
6 32039356 C A	Pathogenic
6 32039356 C T	Pathogenic
6 32039426 T A	Pathogenic
6 32040020 G A	Pathogenic
6 32041006 C T	Pathogenic
6 32850436 G A	Pathogenic
6 33170899 C T	Pathogenic
6 33177700 G A	Pathogenic
6 35500031 C T	Pathogenic
6 36012301 C T	Pathogenic
6 36270608 C A	Pathogenic
6 36270608 C T	Pathogenic
6 36293118 C A	Pathogenic
6 36293118 C G	Pathogenic
6 36293118 C T	Pathogenic
6 36856585 C T	Pathogenic
6 38723062 C G	Pathogenic
6 38723062 C T	Pathogenic
6 38761700 A C	Pathogenic
6 38761700 A G	Pathogenic
6 38899907 G A	Pathogenic
6 38971636 C T	Pathogenic
6 39871532 G A	Pathogenic
6 39879377 C A	Pathogenic
6 39901913 C T	Pathogenic
6 42057513 G A	Pathogenic
6 42057513 G C	Pathogenic
6 43038949 G A	Pathogenic
6 43038949 G T	Pathogenic
6 43043156 C T	Pathogenic
6 43043182 T C	Pathogenic
6 43043182 T G	Pathogenic
6 43046304 A C	Pathogenic
6 43046304 A G	Pathogenic
6 43520962 G A	Pathogenic
6 43520962 G C	Pathogenic
6 43605311 C G	Pathogenic
6 43605311 C T	Pathogenic
6 43655634 C T	Pathogenic
6 49451512 T C	Pathogenic
6 49451521 C G	Pathogenic
6 49451521 C T	Pathogenic
6 49457762 G A	Pathogenic
6 49459144 C T	Pathogenic
6 49459145 G A	Pathogenic
6 49459186 C A	Pathogenic
6 49459189 C T	Pathogenic
6 51847871 G A	Pathogenic
6 51847966 G T	Pathogenic
6 51934319 C T	Pathogenic
6 51959899 G C	Pathogenic
6 51959899 G T	Pathogenic
6 52028333 A C	Pathogenic
6 52028333 A G	Pathogenic
6 52046089 A G	Pathogenic
6 52083201 G A	Pathogenic
6 54169558 C T	Pathogenic
6 56618948 G A	Pathogenic
6 56634955 T C	Pathogenic
6 57194817 A T	Pathogenic
6 63726645 C A	Pathogenic
6 63864319 A C	Pathogenic
6 64230825 C A	Pathogenic
6 64230825 C G	Pathogenic
6 64388842 T C	Pathogenic
6 65402507 A T	Pathogenic
6 69699041 A C	Pathogenic
6 69699041 A G	Pathogenic
6 73482209 G A	Pathogenic
6 73621864 A C	Pathogenic
6 73644583 G A	Pathogenic
6 80168944 C G	Pathogenic
6 80168944 C T	Pathogenic
6 80168951 C T	Pathogenic
6 80343774 T A	Pathogenic
6 80343774 T C	Pathogenic
6 83191199 G A	Pathogenic
6 85487458 G A	Pathogenic
6 87501270 C G	Pathogenic
6 87501270 C T	Pathogenic
6 87519664 G A	Pathogenic
6 87589921 C T	Pathogenic
6 109735199 C A	Pathogenic
6 109735199 C T	Pathogenic
6 109760253 C T	Pathogenic
6 127316477 A G	Pathogenic
6 129059863 C A	Pathogenic
6 129059863 C T	Pathogenic
6 129098274 G A	Pathogenic
6 129270684 G A	Pathogenic
6 129270684 G C	Pathogenic
6 129270684 G T	Pathogenic
6 129280071 A C	Pathogenic
6 129280071 A G	Pathogenic
6 129315843 C T	Pathogenic
6 129353285 C T	Pathogenic
6 129403819 A G	Pathogenic
6 135429881 C A	Pathogenic
6 135429881 C T	Pathogenic
6 136866718 G A	Pathogenic
6 137206249 A G	Pathogenic
6 138092165 G A	Pathogenic
6 150389474 C T	Pathogenic
6 151436526 G A	Pathogenic
6 151436526 G T	Pathogenic
6 152154890 A G	Pathogenic
6 152376497 G A	Pathogenic
6 158150516 G A	Pathogenic
6 158986423 T C	Pathogenic
6 159810051 T C	Pathogenic
6 159819075 C T	Pathogenic
6 160722431 G T	Pathogenic
6 161785820 G A	Pathogenic
6 161785820 G T	Pathogenic
6 161973401 C T	Pathogenic
7 1445219 G A	Pathogenic
7 1445219 G C	Pathogenic
7 2225526 G A	Pathogenic
7 2944528 C T	Pathogenic
7 4785048 C T	Pathogenic
7 5730713 G A	Pathogenic
7 19116781 C A	Pathogenic
7 19116781 C G	Pathogenic
7 19116781 C T	Pathogenic
7 21570185 T A	Pathogenic
7 21570185 T C	Pathogenic
7 21901009 G A	Pathogenic
7 23260003 C A	Pathogenic
7 23260003 C T	Pathogenic
7 23270076 C A	Pathogenic
7 23270076 C T	Pathogenic
7 30969116 G A	Pathogenic
7 30969116 G T	Pathogenic
7 30971183 T A	Pathogenic
7 33152852 G A	Pathogenic
7 33367863 G A	Pathogenic
7 33367863 G C	Pathogenic
7 33367863 G T	Pathogenic
7 38776708 A G	Pathogenic
7 44065297 C A	Pathogenic
7 44065297 C G	Pathogenic
7 44065297 C T	Pathogenic
7 44111058 G A	Pathogenic
7 50382664 C A	Pathogenic
7 50382664 C T	Pathogenic
7 50467222 G A	Pathogenic
7 50528133 T A	Pathogenic
7 66081825 G A	Pathogenic
7 66082452 G T	Pathogenic
7 66083164 C T	Pathogenic
7 66086608 G A	Pathogenic
7 66086751 G A	Pathogenic
7 66087761 A G	Pathogenic
7 66993288 C A	Pathogenic
7 66993288 C T	Pathogenic
7 66994210 A C	Pathogenic
7 66994210 A G	Pathogenic
7 66994286 T A	Pathogenic
7 66995320 T C	Pathogenic
7 66995320 T G	Pathogenic
7 73683272 T C	Pathogenic
7 73683272 T G	Pathogenic
7 75985179 G A	Pathogenic
7 75985179 G C	Pathogenic
7 76304087 G A	Pathogenic
7 76304087 G T	Pathogenic
7 80656687 C T	Pathogenic
7 80666470 C A	Pathogenic
7 80666470 C G	Pathogenic
7 80666470 C T	Pathogenic
7 80669964 T C	Pathogenic
7 80669964 T G	Pathogenic
7 87412045 A G	Pathogenic
7 87417438 G A	Pathogenic
7 87417438 G T	Pathogenic
7 87431519 G A	Pathogenic
7 92221901 C T	Pathogenic
7 92515518 T C	Pathogenic
7 96146609 G A	Pathogenic
7 96146609 G C	Pathogenic
7 97852296 C T	Pathogenic
7 97852389 C A	Pathogenic
7 97852389 C T	Pathogenic
7 97858901 A G	Pathogenic
7 100157657 C A	Pathogenic
7 100157657 C T	Pathogenic
7 103303908 G A	Pathogenic
7 105105579 C T	Pathogenic
7 105109027 C G	Pathogenic
7 105109027 C T	Pathogenic
7 105550160 G A	Pathogenic
7 106018075 G A	Pathogenic
7 107362409 G A	Pathogenic
7 107362409 G T	Pathogenic
7 107661725 C A	Pathogenic
7 107661725 C G	Pathogenic
7 107661750 G C	Pathogenic
7 107661750 G T	Pathogenic
7 107661783 G A	Pathogenic
7 107661783 G T	Pathogenic
7 107663427 C A	Pathogenic
7 107663427 C G	Pathogenic
7 107663427 C T	Pathogenic
7 107675060 T A	Pathogenic
7 107689138 A G	Pathogenic
7 107690148 A T	Pathogenic
7 107690199 C T	Pathogenic
7 107690203 C A	Pathogenic
7 107690203 C G	Pathogenic
7 107690203 C T	Pathogenic
7 107700180 G A	Pathogenic
7 107701998 G C	Pathogenic
7 107710082 C A	Pathogenic
7 107710082 C T	Pathogenic
7 107710132 A G	Pathogenic
7 107712623 G A	Pathogenic
7 108180369 T C	Pathogenic
7 108180369 T G	Pathogenic
7 108181911 G A	Pathogenic
7 108195818 T C	Pathogenic
7 115015926 T G	Pathogenic
7 117130530 T C	Pathogenic
7 117130530 T G	Pathogenic
7 117540230 C T	Pathogenic
7 117548798 T C	Pathogenic
7 117559559 G A	Pathogenic
7 117559559 G C	Pathogenic
7 117587738 G A	Pathogenic
7 117587800 G A	Pathogenic
7 117587800 G T	Pathogenic
7 117592004 G A	Pathogenic
7 117606754 G A	Pathogenic
7 117606754 G C	Pathogenic
7 117606754 G T	Pathogenic
7 117611622 G C	Pathogenic
7 117642561 C G	Pathogenic
7 117642561 C T	Pathogenic
7 117652877 C G	Pathogenic
7 123663123 C A	Pathogenic
7 123663123 C T	Pathogenic
7 124846957 G A	Pathogenic
7 128938247 T G	Pathogenic
7 129211039 G A	Pathogenic
7 138107522 G A	Pathogenic
7 138709633 C T	Pathogenic
7 142876777 A C	Pathogenic
7 142876777 A G	Pathogenic
7 143316395 A G	Pathogenic
7 143316395 A T	Pathogenic
7 143323354 A T	Pathogenic
7 143331615 C T	Pathogenic
7 143341988 G A	Pathogenic
7 143342009 C T	Pathogenic
7 143342013 T A	Pathogenic
7 144399438 G A	Pathogenic
7 150742750 T C	Pathogenic
7 151181233 G A	Pathogenic
7 152148729 G T	Pathogenic
7 152649364 C A	Pathogenic
7 152649364 C G	Pathogenic
7 152676040 C T	Pathogenic
7 157367373 G T	Pathogenic
8 1771055 A G	Pathogenic
8 1771452 T A	Pathogenic
8 1771452 T G	Pathogenic
8 6480712 A G	Pathogenic
8 6499931 T C	Pathogenic
8 6519898 G A	Pathogenic
8 6519898 G C	Pathogenic
8 6519898 G T	Pathogenic
8 10612126 G A	Pathogenic
8 19955927 G A	Pathogenic
8 19955927 G C	Pathogenic
8 24956099 G A	Pathogenic
8 24956099 G C	Pathogenic
8 28717441 C T	Pathogenic
8 31157461 C T	Pathogenic
8 38144316 C A	Pathogenic
8 38144316 C T	Pathogenic
8 38144352 A G	Pathogenic
8 38424565 C T	Pathogenic
8 38428345 C A	Pathogenic
8 38428345 C G	Pathogenic
8 38428345 C T	Pathogenic
8 41934247 C T	Pathogenic
8 43103558 C T	Pathogenic
8 43122731 C T	Pathogenic
8 43159045 G A	Pathogenic
8 54625068 C T	Pathogenic
8 54627278 G A	Pathogenic
8 60845380 C G	Pathogenic
8 60845380 C T	Pathogenic
8 61503433 G A	Pathogenic
8 61665279 T C	Pathogenic
8 66905251 C A	Pathogenic
8 66905251 C T	Pathogenic
8 73981153 A G	Pathogenic
8 73981153 A T	Pathogenic
8 76983824 G A	Pathogenic
8 76983824 G C	Pathogenic
8 85465289 A C	Pathogenic
8 85465289 A G	Pathogenic
8 85465470 G A	Pathogenic
8 86579224 G A	Pathogenic
8 86668055 G A	Pathogenic
8 86668055 G C	Pathogenic
8 86668055 G T	Pathogenic
8 89984524 C T	Pathogenic
8 93797200 C T	Pathogenic
8 93804878 G A	Pathogenic
8 95025010 T C	Pathogenic
8 95025010 T G	Pathogenic
8 99391644 C T	Pathogenic
8 99720553 G A	Pathogenic
8 99720553 G T	Pathogenic
8 99817804 G A	Pathogenic
8 103403276 C T	Pathogenic
8 104381290 G A	Pathogenic
8 104427994 A G	Pathogenic
8 104428071 T C	Pathogenic
8 105798763 G A	Pathogenic
8 105798763 G C	Pathogenic
8 106679222 A G	Pathogenic
8 117830322 G T	Pathogenic
8 132941493 C A	Pathogenic
8 132941493 C T	Pathogenic
8 142741169 G A	Pathogenic
8 142741169 G C	Pathogenic
8 142874955 A G	Pathogenic
8 142874955 A T	Pathogenic
8 142875767 G A	Pathogenic
8 142877191 G A	Pathogenic
8 142912529 C G	Pathogenic
8 142912529 C T	Pathogenic
8 142915087 G A	Pathogenic
8 144054690 G A	Pathogenic
8 144415989 C A	Pathogenic
8 144415989 C T	Pathogenic
8 144416579 C A	Pathogenic
8 144416579 C T	Pathogenic
8 144435810 G A	Pathogenic
8 144511909 A C	Pathogenic
8 144512319 G A	Pathogenic
8 144514026 G A	Pathogenic
8 144515243 C T	Pathogenic
9 2718655 G A	Pathogenic
9 2718655 G C	Pathogenic
9 2718655 G T	Pathogenic
9 6536063 C T	Pathogenic
9 6536188 A C	Pathogenic
9 6554768 C T	Pathogenic
9 6602156 G A	Pathogenic
9 6602156 G T	Pathogenic
9 6606599 G A	Pathogenic
9 6606599 G C	Pathogenic
9 6610328 C A	Pathogenic
9 6620209 G A	Pathogenic
9 13192202 G A	Pathogenic
9 13193235 G A	Pathogenic
9 33001566 C A	Pathogenic
9 34339073 C T	Pathogenic
9 34491555 G A	Pathogenic
9 34647858 C G	Pathogenic
9 34647858 C T	Pathogenic
9 34648370 C T	Pathogenic
9 34648371 G A	Pathogenic
9 34648371 G C	Pathogenic
9 34649032 G T	Pathogenic
9 34657336 G A	Pathogenic
9 34657336 G T	Pathogenic
9 34658654 C T	Pathogenic
9 35657807 G A	Pathogenic
9 35657807 G C	Pathogenic
9 36219940 C G	Pathogenic
9 36246118 G A	Pathogenic
9 36246120 T A	Pathogenic
9 36882054 G C	Pathogenic
9 36882054 G T	Pathogenic
9 37429732 G A	Pathogenic
9 38396512 T C	Pathogenic
9 72694578 C T	Pathogenic
9 72789258 C T	Pathogenic
9 72792320 C T	Pathogenic
9 77302991 C T	Pathogenic
9 91297993 G A	Pathogenic
9 93447639 G A	Pathogenic
9 94603557 C A	Pathogenic
9 94603557 C T	Pathogenic
9 94924098 C T	Pathogenic
9 95479122 G A	Pathogenic
9 95479122 G C	Pathogenic
9 101425044 T G	Pathogenic
9 101427498 G T	Pathogenic
9 101427574 C G	Pathogenic
9 101428468 C A	Pathogenic
9 101428468 C T	Pathogenic
9 101428517 G A	Pathogenic
9 101435708 C G	Pathogenic
9 105598084 A G	Pathogenic
9 105598084 A T	Pathogenic
9 105635050 G A	Pathogenic
9 105635050 G C	Pathogenic
9 105635050 G T	Pathogenic
9 108878028 C T	Pathogenic
9 108906486 C A	Pathogenic
9 108906486 C T	Pathogenic
9 110687218 A G	Pathogenic
9 111686831 C T	Pathogenic
9 114095118 C A	Pathogenic
9 114095118 C G	Pathogenic
9 114095118 C T	Pathogenic
9 114195977 G C	Pathogenic
9 121050192 G A	Pathogenic
9 123370935 C T	Pathogenic
9 124500326 C T	Pathogenic
9 124500568 G A	Pathogenic
9 128106391 G C	Pathogenic
9 130458471 T C	Pathogenic
9 130470873 T C	Pathogenic
9 130480398 G A	Pathogenic
9 130489413 C T	Pathogenic
9 131513243 C G	Pathogenic
9 131513243 C T	Pathogenic
9 131518945 C G	Pathogenic
9 131518945 C T	Pathogenic
9 132264826 C T	Pathogenic
9 132295961 C A	Pathogenic
9 132295961 C T	Pathogenic
9 132326745 G A	Pathogenic
9 132326745 G C	Pathogenic
9 133436865 C G	Pathogenic
9 133436865 C T	Pathogenic
9 133437805 C A	Pathogenic
9 133437805 C T	Pathogenic
9 133454440 T G	Pathogenic
9 133456150 T C	Pathogenic
9 133636712 T C	Pathogenic
9 135503582 G A	Pathogenic
9 136416312 G A	Pathogenic
9 136416312 G T	Pathogenic
9 136434047 A G	Pathogenic
9 136674809 T C	Pathogenic
9 137101088 C T	Pathogenic
9 137232705 T C	Pathogenic
9 137233722 G A	Pathogenic
10 48025 C G	Pathogenic
10 3139029 G A	Pathogenic
10 6072697 C A	Pathogenic
10 6072697 C T	Pathogenic
10 6080046 T A	Pathogenic
10 12091643 C T	Pathogenic
10 16831318 G A	Pathogenic
10 16915053 G A	Pathogenic
10 16915053 G T	Pathogenic
10 16982490 A T	Pathogenic
10 26088306 G A	Pathogenic
10 27038038 C A	Pathogenic
10 27038038 C T	Pathogenic
10 27039984 G A	Pathogenic
10 27944296 C A	Pathogenic
10 27944296 C T	Pathogenic
10 27983938 G A	Pathogenic
10 27983938 G T	Pathogenic
10 47322922 C G	Pathogenic
10 47322922 C T	Pathogenic
10 49461473 G A	Pathogenic
10 49470299 G A	Pathogenic
10 54020319 G A	Pathogenic
10 54020319 G T	Pathogenic
10 54528405 G A	Pathogenic
10 67797189 C T	Pathogenic
10 67811607 G A	Pathogenic
10 67811607 G T	Pathogenic
10 69247586 C T	Pathogenic
10 70598372 G A	Pathogenic
10 70598493 G A	Pathogenic
10 70600458 C T	Pathogenic
10 70600743 G A	Pathogenic
10 70600770 C T	Pathogenic
10 70883973 G A	Pathogenic
10 71362337 G A	Pathogenic
10 71362510 G T	Pathogenic
10 71738496 A G	Pathogenic
10 71778270 T A	Pathogenic
10 71778270 T C	Pathogenic
10 71793440 G A	Pathogenic
10 71793440 G C	Pathogenic
10 71793440 G T	Pathogenic
10 71807585 G A	Pathogenic
10 72196918 G A	Pathogenic
10 78007761 C T	Pathogenic
10 79305184 C T	Pathogenic
10 79557496 C G	Pathogenic
10 80274539 G A	Pathogenic
10 80280193 G A	Pathogenic
10 80280193 G T	Pathogenic
10 84194816 G A	Pathogenic
10 87727403 C T	Pathogenic
10 87743626 T A	Pathogenic
10 87743626 T C	Pathogenic
10 89222511 C G	Pathogenic
10 89222511 C T	Pathogenic
10 92606717 G A	Pathogenic
10 93692698 G A	Pathogenic
10 94270579 C A	Pathogenic
10 94270579 C T	Pathogenic
10 95606856 C T	Pathogenic
10 95653289 C T	Pathogenic
10 97584705 T G	Pathogenic
10 97598894 G A	Pathogenic
10 97600168 G T	Pathogenic
10 97601925 T G	Pathogenic
10 97611535 G A	Pathogenic
10 97611535 G T	Pathogenic
10 98429643 C G	Pathogenic
10 98620709 C T	Pathogenic
10 99811603 G A	Pathogenic
10 99818820 C A	Pathogenic
10 99818820 C G	Pathogenic
10 99818820 C T	Pathogenic
10 99836214 C T	Pathogenic
10 99836256 C T	Pathogenic
10 99836275 G A	Pathogenic
10 99836275 G T	Pathogenic
10 99842094 G A	Pathogenic
10 99842094 G T	Pathogenic
10 100827045 A C	Pathogenic
10 101023988 C A	Pathogenic
10 101023988 C G	Pathogenic
10 101023988 C T	Pathogenic
10 103458291 C T	Pathogenic
10 104033944 C G	Pathogenic
10 104033944 C T	Pathogenic
10 104034193 C T	Pathogenic
10 104060114 C T	Pathogenic
10 104168777 C T	Pathogenic
10 104399381 C A	Pathogenic
10 104399381 C T	Pathogenic
10 110122249 G A	Pathogenic
10 114286277 C T	Pathogenic
10 116125315 G A	Pathogenic
10 119651753 G A	Pathogenic
10 119670037 C T	Pathogenic
10 122489616 T C	Pathogenic
10 123041353 G A	Pathogenic
10 123053097 A G	Pathogenic
10 123053097 A T	Pathogenic
10 124398057 A C	Pathogenic
10 124398057 A G	Pathogenic
10 124398070 G A	Pathogenic
10 124403921 C G	Pathogenic
10 124403921 C T	Pathogenic
10 125770368 C T	Pathogenic
10 125788993 C T	Pathogenic
10 125815061 A C	Pathogenic
10 125815061 A G	Pathogenic
10 133366970 T C	Pathogenic
10 133370670 T C	Pathogenic
11 763824 C G	Pathogenic
11 763824 C T	Pathogenic
11 794994 G A	Pathogenic
11 794994 G T	Pathogenic
11 2164328 C A	Pathogenic
11 2164328 C T	Pathogenic
11 2171785 A G	Pathogenic
11 2171857 G A	Pathogenic
11 2570714 G A	Pathogenic
11 2570714 G C	Pathogenic
11 2909210 G A	Pathogenic
11 3040900 C A	Pathogenic
11 3040900 C T	Pathogenic
11 5225488 A G	Pathogenic
11 5225488 A T	Pathogenic
11 5225660 G A	Pathogenic
11 5225660 G C	Pathogenic
11 5225660 G T	Pathogenic
11 5225728 T C	Pathogenic
11 5225728 T G	Pathogenic
11 5226800 C G	Pathogenic
11 5226800 C T	Pathogenic
11 5226925 C A	Pathogenic
11 5226925 C G	Pathogenic
11 5226925 C T	Pathogenic
11 5226929 C A	Pathogenic
11 5226929 C T	Pathogenic
11 5226943 C A	Pathogenic
11 5226943 C G	Pathogenic
11 5226943 C T	Pathogenic
11 5226970 T A	Pathogenic
11 5226970 T C	Pathogenic
11 5226970 T G	Pathogenic
11 5226975 C T	Pathogenic
11 5227100 T C	Pathogenic
11 5227159 G A	Pathogenic
11 5227159 G C	Pathogenic
11 5227159 G T	Pathogenic
11 5234080 G C	Pathogenic
11 5234551 G A	Pathogenic
11 5234560 A G	Pathogenic
11 5249833 C T	Pathogenic
11 6392119 G C	Pathogenic
11 6392119 G T	Pathogenic
11 6393981 C T	Pathogenic
11 6547437 T C	Pathogenic
11 6547437 T G	Pathogenic
11 6558077 C T	Pathogenic
11 6558204 A G	Pathogenic
11 6615172 G A	Pathogenic
11 6617154 C A	Pathogenic
11 6617154 C G	Pathogenic
11 6617154 C T	Pathogenic
11 6625235 T A	Pathogenic
11 6625235 T C	Pathogenic
11 10500245 C T	Pathogenic
11 11964565 G A	Pathogenic
11 14885775 C T	Pathogenic
11 14885847 A G	Pathogenic
11 17404670 C T	Pathogenic
11 17474956 G A	Pathogenic
11 17523269 T G	Pathogenic
11 17553120 C G	Pathogenic
11 17558546 C G	Pathogenic
11 17558546 C T	Pathogenic
11 17597008 G A	Pathogenic
11 20601215 C A	Pathogenic
11 22227306 C T	Pathogenic
11 22236206 G T	Pathogenic
11 22250950 G A	Pathogenic
11 22262231 T C	Pathogenic
11 22274605 C T	Pathogenic
11 27368192 T C	Pathogenic
11 27377180 C A	Pathogenic
11 36575514 G A	Pathogenic
11 36576171 T C	Pathogenic
11 44130136 C A	Pathogenic
11 46729406 G A	Pathogenic
11 46729406 G C	Pathogenic
11 47350113 C T	Pathogenic
11 47447904 C T	Pathogenic
11 57712775 C T	Pathogenic
11 59211653 G T	Pathogenic
11 61273265 G A	Pathogenic
11 61273265 G C	Pathogenic
11 61273265 G T	Pathogenic
11 61346403 G T	Pathogenic
11 61956946 C T	Pathogenic
11 62150080 G C	Pathogenic
11 62620579 G A	Pathogenic
11 62705303 G A	Pathogenic
11 62705303 G C	Pathogenic
11 62707486 C T	Pathogenic
11 64593747 G A	Pathogenic
11 64593747 G C	Pathogenic
11 64736815 C G	Pathogenic
11 64736815 C T	Pathogenic
11 64757826 C T	Pathogenic
11 64759751 G A	Pathogenic
11 65014251 G A	Pathogenic
11 65014251 G T	Pathogenic
11 65182970 T C	Pathogenic
11 65526274 A T	Pathogenic
11 65535383 G A	Pathogenic
11 65720085 T A	Pathogenic
11 65720085 T C	Pathogenic
11 66524211 C T	Pathogenic
11 66526181 T G	Pathogenic
11 66526807 G A	Pathogenic
11 66531692 G A	Pathogenic
11 66531692 G T	Pathogenic
11 66565008 T C	Pathogenic
11 66565008 T G	Pathogenic
11 66705395 G A	Pathogenic
11 66705395 G T	Pathogenic
11 66710603 C G	Pathogenic
11 66710603 C T	Pathogenic
11 66850869 G A	Pathogenic
11 67456192 G A	Pathogenic
11 67456192 G T	Pathogenic
11 67458392 C T	Pathogenic
11 67610465 C A	Pathogenic
11 67610465 C T	Pathogenic
11 67611982 A C	Pathogenic
11 68049080 G A	Pathogenic
11 68158503 G T	Pathogenic
11 68389980 G A	Pathogenic
11 68389980 G T	Pathogenic
11 68406550 G A	Pathogenic
11 68406550 G C	Pathogenic
11 68406550 G T	Pathogenic
11 68423538 C T	Pathogenic
11 68780734 T G	Pathogenic
11 68812436 C T	Pathogenic
11 68914901 C T	Pathogenic
11 68933892 G A	Pathogenic
11 68933892 G T	Pathogenic
11 69816334 G A	Pathogenic
11 71435748 C A	Pathogenic
11 71435748 C T	Pathogenic
11 71435840 C A	Pathogenic
11 71435840 C G	Pathogenic
11 71437923 G T	Pathogenic
11 71441270 C T	Pathogenic
11 71441308 C A	Pathogenic
11 71441308 C T	Pathogenic
11 71464130 G T	Pathogenic
11 71491856 G A	Pathogenic
11 71491856 G T	Pathogenic
11 72106214 A C	Pathogenic
11 72317160 G A	Pathogenic
11 74493615 A G	Pathogenic
11 75561608 C T	Pathogenic
11 77130654 T A	Pathogenic
11 77156659 G A	Pathogenic
11 77156969 C T	Pathogenic
11 77156991 G A	Pathogenic
11 77190107 C T	Pathogenic
11 77202330 C T	Pathogenic
11 77211284 G A	Pathogenic
11 78127411 G A	Pathogenic
11 78127411 G C	Pathogenic
11 78469304 A C	Pathogenic
11 78469304 A G	Pathogenic
11 78469304 A T	Pathogenic
11 78493097 A G	Pathogenic
11 85634279 G A	Pathogenic
11 85654139 C T	Pathogenic
11 86951732 T C	Pathogenic
11 89178093 G A	Pathogenic
11 89178182 C T	Pathogenic
11 89178183 G A	Pathogenic
11 89178482 G A	Pathogenic
11 89178482 G C	Pathogenic
11 89178482 G T	Pathogenic
11 89178500 G A	Pathogenic
11 89191205 G A	Pathogenic
11 89191205 G T	Pathogenic
11 89191278 G A	Pathogenic
11 89191358 C T	Pathogenic
11 89227816 T A	Pathogenic
11 89227816 T C	Pathogenic
11 89284853 G A	Pathogenic
11 89284853 G T	Pathogenic
11 94104702 C A	Pathogenic
11 94104702 C T	Pathogenic
11 102954174 A C	Pathogenic
11 102954174 A G	Pathogenic
11 103109767 A C	Pathogenic
11 103109767 A T	Pathogenic
11 103116687 C T	Pathogenic
11 103117852 C T	Pathogenic
11 103155476 T C	Pathogenic
11 103177664 G A	Pathogenic
11 103191520 C T	Pathogenic
11 103253341 C A	Pathogenic
11 103253341 C T	Pathogenic
11 103257719 C T	Pathogenic
11 103257731 C T	Pathogenic
11 108139040 T C	Pathogenic
11 108139040 T G	Pathogenic
11 108244927 C T	Pathogenic
11 108271407 G A	Pathogenic
11 108271407 G T	Pathogenic
11 108284411 C T	Pathogenic
11 108303674 T C	Pathogenic
11 108303674 T G	Pathogenic
11 111764842 C T	Pathogenic
11 111910331 C A	Pathogenic
11 111910331 C T	Pathogenic
11 111911723 A G	Pathogenic
11 112233178 C G	Pathogenic
11 112233178 C T	Pathogenic
11 112233205 G A	Pathogenic
11 116832864 A G	Pathogenic
11 116836134 C G	Pathogenic
11 116836134 C T	Pathogenic
11 117361892 C T	Pathogenic
11 117391141 C T	Pathogenic
11 117993294 G A	Pathogenic
11 117993294 G C	Pathogenic
11 118262936 G A	Pathogenic
11 118262936 G T	Pathogenic
11 119020256 A G	Pathogenic
11 119020256 A T	Pathogenic
11 119027069 G A	Pathogenic
11 119092507 C T	Pathogenic
11 119097981 A C	Pathogenic
11 119100777 C A	Pathogenic
11 119100777 C T	Pathogenic
11 119345538 G A	Pathogenic
11 124897049 C A	Pathogenic
11 124897049 C T	Pathogenic
11 124923339 C T	Pathogenic
11 125097715 C T	Pathogenic
11 125896284 T C	Pathogenic
11 125900000 A G	Pathogenic
11 126273068 C T	Pathogenic
11 126277489 G A	Pathogenic
11 126277489 G T	Pathogenic
11 126338325 C T	Pathogenic
11 126345546 C G	Pathogenic
11 126345546 C T	Pathogenic
11 128839289 G A	Pathogenic
11 128839369 C T	Pathogenic
11 128839643 G A	Pathogenic
11 128911746 C G	Pathogenic
11 134069085 T C	Pathogenic
11 134069085 T G	Pathogenic
11 134261891 G A	Pathogenic
11 134261891 G C	Pathogenic
12 4685324 G A	Pathogenic
12 4685324 G C	Pathogenic
12 4685324 G T	Pathogenic
12 5968126 C T	Pathogenic
12 5976158 G A	Pathogenic
12 5983151 G A	Pathogenic
12 5983151 G T	Pathogenic
12 6011666 C G	Pathogenic
12 6011666 C T	Pathogenic
12 6019142 G A	Pathogenic
12 6019142 G T	Pathogenic
12 6019444 G A	Pathogenic
12 6034812 C T	Pathogenic
12 6348981 G A	Pathogenic
12 6348981 G C	Pathogenic
12 6348981 G T	Pathogenic
12 11268104 G A	Pathogenic
12 11268104 G C	Pathogenic
12 14652024 T C	Pathogenic
12 15669833 T C	Pathogenic
12 15669833 T G	Pathogenic
12 18712968 G T	Pathogenic
12 21196975 C T	Pathogenic
12 21574248 G A	Pathogenic
12 21574248 G T	Pathogenic
12 21574275 G A	Pathogenic
12 27647774 C A	Pathogenic
12 27647774 C T	Pathogenic
12 31090065 G A	Pathogenic
12 32625774 G T	Pathogenic
12 32796108 C A	Pathogenic
12 32796108 C G	Pathogenic
12 32796108 C T	Pathogenic
12 40340400 G A	Pathogenic
12 48966271 G A	Pathogenic
12 48966271 G C	Pathogenic
12 48966271 G T	Pathogenic
12 49027234 G A	Pathogenic
12 49032686 G A	Pathogenic
12 49032686 G T	Pathogenic
12 49034067 C T	Pathogenic
12 49041974 G A	Pathogenic
12 49041974 G T	Pathogenic
12 49046358 G C	Pathogenic
12 49046358 G T	Pathogenic
12 49102187 C T	Pathogenic
12 49601136 T C	Pathogenic
12 49954168 C T	Pathogenic
12 49954171 C A	Pathogenic
12 49954171 C T	Pathogenic
12 50107640 G A	Pathogenic
12 50107640 G C	Pathogenic
12 52676401 G C	Pathogenic
12 52676401 G T	Pathogenic
12 53309158 G A	Pathogenic
12 53309158 G C	Pathogenic
12 53309623 G A	Pathogenic
12 53309624 A G	Pathogenic
12 54283860 A G	Pathogenic
12 55694876 G A	Pathogenic
12 55694876 G T	Pathogenic
12 55724028 G A	Pathogenic
12 55724028 G C	Pathogenic
12 55724028 G T	Pathogenic
12 56930431 C G	Pathogenic
12 56930431 C T	Pathogenic
12 56934048 G A	Pathogenic
12 57512036 T C	Pathogenic
12 57569050 G A	Pathogenic
12 57572646 C T	Pathogenic
12 57763649 G A	Pathogenic
12 57763649 G C	Pathogenic
12 57811062 C T	Pathogenic
12 63624124 C T	Pathogenic
12 63781105 C T	Pathogenic
12 65308634 C A	Pathogenic
12 65308634 C T	Pathogenic
12 68159923 C A	Pathogenic
12 76347448 A T	Pathogenic
12 76347512 G A	Pathogenic
12 76347512 G T	Pathogenic
12 76347546 G A	Pathogenic
12 76348241 T A	Pathogenic
12 80229341 C T	Pathogenic
12 88068647 T C	Pathogenic
12 88077263 C A	Pathogenic
12 88083232 T C	Pathogenic
12 88086083 G A	Pathogenic
12 91055542 T C	Pathogenic
12 93850180 G A	Pathogenic
12 101757571 C T	Pathogenic
12 101786014 T A	Pathogenic
12 101786014 T C	Pathogenic
12 101796678 G A	Pathogenic
12 101830666 T G	Pathogenic
12 102840433 G A	Pathogenic
12 102840433 G C	Pathogenic
12 102840474 T C	Pathogenic
12 102840477 C G	Pathogenic
12 102840477 C T	Pathogenic
12 102840492 C T	Pathogenic
12 102840493 G A	Pathogenic
12 102840507 G A	Pathogenic
12 102843671 A T	Pathogenic
12 102843722 G C	Pathogenic
12 102843790 C T	Pathogenic
12 102855326 C A	Pathogenic
12 102866638 G A	Pathogenic
12 102866642 G A	Pathogenic
12 102877548 G A	Pathogenic
12 102894767 T C	Pathogenic
12 102894826 G T	Pathogenic
12 106432421 T A	Pathogenic
12 109561485 C A	Pathogenic
12 109561485 C T	Pathogenic
12 110143385 T C	Pathogenic
12 110143385 T G	Pathogenic
12 111803962 G A	Pathogenic
12 113175054 C T	Pathogenic
12 120727115 C T	Pathogenic
12 120727143 C T	Pathogenic
12 120737893 T C	Pathogenic
12 120737893 T G	Pathogenic
12 120738551 C T	Pathogenic
12 120738874 C A	Pathogenic
12 120738874 C T	Pathogenic
12 120739141 A G	Pathogenic
12 120739356 C T	Pathogenic
12 121921636 G T	Pathogenic
12 123704670 T A	Pathogenic
12 123704670 T C	Pathogenic
12 124982622 C T	Pathogenic
12 132621535 G A	Pathogenic
12 132621535 G C	Pathogenic
13 20189049 A G	Pathogenic
13 20189212 G A	Pathogenic
13 20189299 C T	Pathogenic
13 20189344 G A	Pathogenic
13 20189374 G C	Pathogenic
13 20189450 C G	Pathogenic
13 20189450 C T	Pathogenic
13 23250719 T A	Pathogenic
13 23250719 T C	Pathogenic
13 23250719 T G	Pathogenic
13 23332502 G A	Pathogenic
13 23332502 G C	Pathogenic
13 23335054 A C	Pathogenic
13 23335054 A G	Pathogenic
13 24906775 C G	Pathogenic
13 24912045 G A	Pathogenic
13 25553863 C G	Pathogenic
13 25553863 C T	Pathogenic
13 36314341 G A	Pathogenic
13 36314341 G C	Pathogenic
13 36314341 G T	Pathogenic
13 40807376 C T	Pathogenic
13 40809576 C T	Pathogenic
13 41615006 C G	Pathogenic
13 41615006 C T	Pathogenic
13 41811285 C T	Pathogenic
13 43890220 C T	Pathogenic
13 48411837 G A	Pathogenic
13 48411837 G C	Pathogenic
13 48411837 G T	Pathogenic
13 48459708 C T	Pathogenic
13 50945445 G A	Pathogenic
13 51937338 C G	Pathogenic
13 51937338 C T	Pathogenic
13 51939056 T G	Pathogenic
13 51941080 C A	Pathogenic
13 51941080 C T	Pathogenic
13 51942493 A G	Pathogenic
13 51944145 G A	Pathogenic
13 51944145 G T	Pathogenic
13 51946337 C T	Pathogenic
13 51949798 T C	Pathogenic
13 51950362 C G	Pathogenic
13 51950362 C T	Pathogenic
13 51957600 G A	Pathogenic
13 51961849 A C	Pathogenic
13 51965034 C G	Pathogenic
13 51965034 C T	Pathogenic
13 52397583 G A	Pathogenic
13 52397583 G C	Pathogenic
13 75299364 C A	Pathogenic
13 75299364 C T	Pathogenic
13 83878728 C A	Pathogenic
13 83878728 C T	Pathogenic
13 94578130 A G	Pathogenic
13 100273218 C T	Pathogenic
13 101144842 G A	Pathogenic
13 101144842 G T	Pathogenic
13 102861621 C T	Pathogenic
13 108208829 G A	Pathogenic
13 110152375 G A	Pathogenic
13 110625264 C A	Pathogenic
13 110625264 C G	Pathogenic
13 110625264 C T	Pathogenic
13 113105812 A C	Pathogenic
13 113105812 A G	Pathogenic
13 113118518 C T	Pathogenic
13 113118668 C T	Pathogenic
13 113118698 G A	Pathogenic
13 113118758 C A	Pathogenic
13 113118758 C T	Pathogenic
13 113118778 G A	Pathogenic
13 113118831 T G	Pathogenic
13 113731321 C A	Pathogenic
13 113731321 C T	Pathogenic
13 113731326 C T	Pathogenic
13 114325610 C A	Pathogenic
13 114325610 C T	Pathogenic
14 20448965 G A	Pathogenic
14 20452057 A G	Pathogenic
14 21294745 C A	Pathogenic
14 21294745 C T	Pathogenic
14 21294810 G T	Pathogenic
14 21303542 C T	Pathogenic
14 21312466 C A	Pathogenic
14 21312466 C T	Pathogenic
14 21325330 C G	Pathogenic
14 21325330 C T	Pathogenic
14 21431010 G A	Pathogenic
14 21431010 G C	Pathogenic
14 22775938 T A	Pathogenic
14 22775938 T C	Pathogenic
14 23102250 G A	Pathogenic
14 23104829 G A	Pathogenic
14 23413795 G A	Pathogenic
14 23413795 G Y	Pathogenic
14 23429038 G A	Pathogenic
14 24258646 C A	Pathogenic
14 24258646 C T	Pathogenic
14 24258647 G A	Pathogenic
14 24259099 C G	Pathogenic
14 24259099 C T	Pathogenic
14 24259769 G A	Pathogenic
14 24259769 G C	Pathogenic
14 24259769 G T	Pathogenic
14 24260600 G A	Pathogenic
14 24260600 G T	Pathogenic
14 24261776 G A	Pathogenic
14 24261776 G C	Pathogenic
14 24261783 T C	Pathogenic
14 24262193 G A	Pathogenic
14 30877686 T C	Pathogenic
14 30877686 T G	Pathogenic
14 30880643 C T	Pathogenic
14 31072908 G A	Pathogenic
14 31072908 G T	Pathogenic
14 31561441 T C	Pathogenic
14 31787845 A C	Pathogenic
14 31787845 A G	Pathogenic
14 35180737 A G	Pathogenic
14 35266752 C A	Pathogenic
14 36517871 C A	Pathogenic
14 36517871 C G	Pathogenic
14 39040770 T C	Pathogenic
14 39159508 G A	Pathogenic
14 50913028 C A	Pathogenic
14 50913028 C G	Pathogenic
14 50913028 C T	Pathogenic
14 54844018 C G	Pathogenic
14 54844018 C T	Pathogenic
14 56609202 G A	Pathogenic
14 56609202 G T	Pathogenic
14 56636599 G A	Pathogenic
14 56636599 G T	Pathogenic
14 56802068 A G	Pathogenic
14 56802068 A T	Pathogenic
14 61720494 G C	Pathogenic
14 64772678 C A	Pathogenic
14 64772678 C T	Pathogenic
14 64784333 G A	Pathogenic
14 64784333 G T	Pathogenic
14 66924293 G A	Pathogenic
14 66924293 G T	Pathogenic
14 67724588 C T	Pathogenic
14 67725189 T C	Pathogenic
14 67725206 C A	Pathogenic
14 67727056 C T	Pathogenic
14 67802283 C T	Pathogenic
14 73192712 G A	Pathogenic
14 73192712 G C	Pathogenic
14 73192712 G T	Pathogenic
14 73953571 T C	Pathogenic
14 73958149 C G	Pathogenic
14 73958149 C T	Pathogenic
14 73961360 G A	Pathogenic
14 73961360 G T	Pathogenic
14 74503490 T C	Pathogenic
14 74516821 C T	Pathogenic
14 75006701 A G	Pathogenic
14 75579445 C A	Pathogenic
14 75579445 C T	Pathogenic
14 75771747 C T	Pathogenic
14 77026539 C G	Pathogenic
14 77026539 C T	Pathogenic
14 77298688 C T	Pathogenic
14 77327990 G A	Pathogenic
14 81087962 G A	Pathogenic
14 88391380 G A	Pathogenic
14 94382823 C T	Pathogenic
14 94383051 G A	Pathogenic
14 96876085 G A	Pathogenic
14 103491898 C G	Pathogenic
14 103491898 C T	Pathogenic
14 103559997 G A	Pathogenic
14 103559997 G C	Pathogenic
14 104174278 C T	Pathogenic
14 105211164 C G	Pathogenic
14 105211164 C T	Pathogenic
15 27845032 C T	Pathogenic
15 27983340 C T	Pathogenic
15 27989600 C T	Pathogenic
15 27990616 C G	Pathogenic
15 27990616 C T	Pathogenic
15 28014775 C A	Pathogenic
15 28234162 G A	Pathogenic
15 28269252 G A	Pathogenic
15 29268916 G A	Pathogenic
15 30925199 C G	Pathogenic
15 30925199 C T	Pathogenic
15 31069884 A C	Pathogenic
15 34275363 C A	Pathogenic
15 34275363 C G	Pathogenic
15 40170081 C T	Pathogenic
15 40407947 G A	Pathogenic
15 40411354 G A	Pathogenic
15 40415454 C T	Pathogenic
15 40415482 G C	Pathogenic
15 40415482 G T	Pathogenic
15 40987186 C T	Pathogenic
15 41815388 C G	Pathogenic
15 41815388 C T	Pathogenic
15 42390016 C A	Pathogenic
15 42390016 C T	Pathogenic
15 42399601 G A	Pathogenic
15 42399601 G C	Pathogenic
15 42401754 C T	Pathogenic
15 42401755 G A	Pathogenic
15 42401755 G C	Pathogenic
15 42408227 C T	Pathogenic
15 42410432 A G	Pathogenic
15 42730632 G A	Pathogenic
15 42730706 G A	Pathogenic
15 42730706 G T	Pathogenic
15 43203237 C A	Pathogenic
15 43203237 C G	Pathogenic
15 43252858 A G	Pathogenic
15 43260151 C A	Pathogenic
15 43403697 G T	Pathogenic
15 43601395 C T	Pathogenic
15 43610350 G A	Pathogenic
15 44565997 G A	Pathogenic
15 44574934 G A	Pathogenic
15 44628785 G A	Pathogenic
15 45065303 C A	Pathogenic
15 45065303 C T	Pathogenic
15 45095596 C T	Pathogenic
15 45097613 C A	Pathogenic
15 45099748 C G	Pathogenic
15 45099748 C T	Pathogenic
15 45099749 G A	Pathogenic
15 45099749 G T	Pathogenic
15 45107432 G A	Pathogenic
15 45107432 G C	Pathogenic
15 45107450 T A	Pathogenic
15 45107450 T C	Pathogenic
15 45108159 C G	Pathogenic
15 45108159 C T	Pathogenic
15 45109895 G A	Pathogenic
15 45109895 G T	Pathogenic
15 45402956 G T	Pathogenic
15 48596317 G A	Pathogenic
15 48596317 G C	Pathogenic
15 48741607 G A	Pathogenic
15 50934664 C T	Pathogenic
15 50997380 G A	Pathogenic
15 51404338 C A	Pathogenic
15 51404338 C T	Pathogenic
15 51404592 G C	Pathogenic
15 52184616 G A	Pathogenic
15 53615520 G A	Pathogenic
15 56443817 G A	Pathogenic
15 56443817 G T	Pathogenic
15 57232417 C A	Pathogenic
15 57232417 C T	Pathogenic
15 57963931 C T	Pathogenic
15 63678125 G A	Pathogenic
15 63678125 G C	Pathogenic
15 64393980 C A	Pathogenic
15 64393980 C T	Pathogenic
15 64409710 C T	Pathogenic
15 64409735 G A	Pathogenic
15 64980971 G A	Pathogenic
15 64980971 G C	Pathogenic
15 65639613 C T	Pathogenic
15 66436881 A G	Pathogenic
15 67254631 T C	Pathogenic
15 71811481 A C	Pathogenic
15 71813573 G A	Pathogenic
15 71893728 T C	Pathogenic
15 72346555 G C	Pathogenic
15 72348047 C A	Pathogenic
15 72348047 C G	Pathogenic
15 72348047 C T	Pathogenic
15 72349076 T C	Pathogenic
15 72350569 G A	Pathogenic
15 72351235 C A	Pathogenic
15 72353105 C A	Pathogenic
15 72353105 C G	Pathogenic
15 72353105 C T	Pathogenic
15 74189244 T G	Pathogenic
15 74417900 G A	Pathogenic
15 74417900 G C	Pathogenic
15 75358562 C T	Pathogenic
15 75364182 C T	Pathogenic
15 75364190 T C	Pathogenic
15 80180230 G A	Pathogenic
15 84839706 C T	Pathogenic
15 86674322 G C	Pathogenic
15 86674435 C T	Pathogenic
15 86988089 G A	Pathogenic
15 86988089 G T	Pathogenic
15 89290231 C T	Pathogenic
15 89320850 A C	Pathogenic
15 89327201 C T	Pathogenic
15 89776586 G A	Pathogenic
15 89776586 G T	Pathogenic
15 91007866 T C	Pathogenic
15 99690400 C T	Pathogenic
15 100893011 G A	Pathogenic
15 100914711 G A	Pathogenic
15 100914711 G C	Pathogenic
16 173497 C A	Pathogenic
16 176928 G A	Pathogenic
16 176928 G C	Pathogenic
16 576255 G A	Pathogenic
16 576255 G C	Pathogenic
16 1511137 A G	Pathogenic
16 1772656 C T	Pathogenic
16 1791591 T C	Pathogenic
16 1950864 G A	Pathogenic
16 1950864 G C	Pathogenic
16 2040004 G A	Pathogenic
16 2093103 G A	Pathogenic
16 2093103 G C	Pathogenic
16 2093103 G T	Pathogenic
16 2105895 G A	Pathogenic
16 2105895 G C	Pathogenic
16 2108321 G A	Pathogenic
16 2108868 G A	Pathogenic
16 2108868 G T	Pathogenic
16 2109146 G A	Pathogenic
16 2110321 C A	Pathogenic
16 2110321 C G	Pathogenic
16 2110321 C T	Pathogenic
16 2112350 G A	Pathogenic
16 2112350 G T	Pathogenic
16 2283456 G A	Pathogenic
16 2324411 G A	Pathogenic
16 2496873 G A	Pathogenic
16 2500464 C T	Pathogenic
16 3026140 T A	Pathogenic
16 3027379 G A	Pathogenic
16 3027379 G T	Pathogenic
16 3243310 A G	Pathogenic
16 3243310 A T	Pathogenic
16 3736812 A G	Pathogenic
16 3736812 A T	Pathogenic
16 3850689 G A	Pathogenic
16 3850689 G C	Pathogenic
16 4802381 C G	Pathogenic
16 4802381 C T	Pathogenic
16 5075447 C A	Pathogenic
16 5075447 C G	Pathogenic
16 8804843 G A	Pathogenic
16 8811098 C T	Pathogenic
16 8811153 G A	Pathogenic
16 8811161 T C	Pathogenic
16 8811660 T C	Pathogenic
16 8813087 T C	Pathogenic
16 8847766 G C	Pathogenic
16 8847766 G T	Pathogenic
16 8847794 C G	Pathogenic
16 8847794 C T	Pathogenic
16 10903880 C T	Pathogenic
16 15691278 C A	Pathogenic
16 15691278 C G	Pathogenic
16 15691278 C T	Pathogenic
16 16068247 A G	Pathogenic
16 16154974 G A	Pathogenic
16 16154974 G T	Pathogenic
16 16155007 C G	Pathogenic
16 16155007 C T	Pathogenic
16 16157722 G A	Pathogenic
16 16159514 G A	Pathogenic
16 16159514 G C	Pathogenic
16 16163078 G A	Pathogenic
16 16163159 G A	Pathogenic
16 16178935 G A	Pathogenic
16 16190339 C T	Pathogenic
16 16202086 G A	Pathogenic
16 16202086 G C	Pathogenic
16 23371836 C A	Pathogenic
16 23380170 G A	Pathogenic
16 23380730 C T	Pathogenic
16 23529771 G A	Pathogenic
16 23529771 G C	Pathogenic
16 27344882 A C	Pathogenic
16 27344882 A G	Pathogenic
16 27344882 A T	Pathogenic
16 28482500 C A	Pathogenic
16 28482500 C T	Pathogenic
16 28900782 C A	Pathogenic
16 28900782 C T	Pathogenic
16 30086847 G A	Pathogenic
16 30086847 G C	Pathogenic
16 30969641 C G	Pathogenic
16 30969641 C T	Pathogenic
16 30985825 G A	Pathogenic
16 30985825 G C	Pathogenic
16 30986672 G A	Pathogenic
16 30986672 G C	Pathogenic
16 30986672 G T	Pathogenic
16 31191428 G A	Pathogenic
16 31191428 G C	Pathogenic
16 31484657 C A	Pathogenic
16 31484657 C G	Pathogenic
16 31484657 C T	Pathogenic
16 46692421 T A	Pathogenic
16 46692421 T C	Pathogenic
16 46897678 C G	Pathogenic
16 46897678 C T	Pathogenic
16 46922414 C G	Pathogenic
16 46922414 C T	Pathogenic
16 47594135 A G	Pathogenic
16 47596453 C T	Pathogenic
16 53636514 T C	Pathogenic
16 53687896 A C	Pathogenic
16 53692285 G A	Pathogenic
16 53873837 G A	Pathogenic
16 55823661 C A	Pathogenic
16 55823661 C G	Pathogenic
16 55823661 C T	Pathogenic
16 56484820 G A	Pathogenic
16 56497063 G C	Pathogenic
16 56501014 G A	Pathogenic
16 56501014 G C	Pathogenic
16 56519791 G C	Pathogenic
16 56821514 A G	Pathogenic
16 56865482 C T	Pathogenic
16 56872768 C G	Pathogenic
16 56882395 G A	Pathogenic
16 56883858 C G	Pathogenic
16 56883858 C T	Pathogenic
16 56885363 C G	Pathogenic
16 56885363 C T	Pathogenic
16 56886366 C T	Pathogenic
16 56894563 C T	Pathogenic
16 56982238 G A	Pathogenic
16 56982238 G T	Pathogenic
16 57651421 C T	Pathogenic
16 57654133 G C	Pathogenic
16 57659594 G A	Pathogenic
16 57911752 C A	Pathogenic
16 57911752 C T	Pathogenic
16 57962611 C G	Pathogenic
16 57962611 C T	Pathogenic
16 66531394 G T	Pathogenic
16 66548976 A G	Pathogenic
16 66548976 A T	Pathogenic
16 67483042 C T	Pathogenic
16 67636842 C A	Pathogenic
16 67636842 C T	Pathogenic
16 67842794 C G	Pathogenic
16 67842794 C T	Pathogenic
16 68231331 G A	Pathogenic
16 68231331 G C	Pathogenic
16 68231331 G T	Pathogenic
16 69331067 G A	Pathogenic
16 69331067 G C	Pathogenic
16 70479230 A C	Pathogenic
16 70479230 A T	Pathogenic
16 70514334 C A	Pathogenic
16 70664131 G A	Pathogenic
16 70664131 G C	Pathogenic
16 71137164 T A	Pathogenic
16 71137164 T C	Pathogenic
16 72014641 C T	Pathogenic
16 72122957 G A	Pathogenic
16 77289360 G A	Pathogenic
16 87891852 C T	Pathogenic
16 88650988 C G	Pathogenic
16 88663006 C T	Pathogenic
16 88808197 C A	Pathogenic
16 88808197 C G	Pathogenic
16 88808197 C T	Pathogenic
16 88810494 C T	Pathogenic
16 88832099 C A	Pathogenic
16 88837736 G A	Pathogenic
16 88837755 G A	Pathogenic
16 89101105 C T	Pathogenic
16 89102626 G A	Pathogenic
16 89102665 C T	Pathogenic
16 89154148 C A	Pathogenic
16 89154148 C T	Pathogenic
16 89544770 C T	Pathogenic
16 89550545 C T	Pathogenic
16 89553792 A G	Pathogenic
16 89739170 G A	Pathogenic
16 89739170 G C	Pathogenic
16 89739517 G A	Pathogenic
16 89775816 C T	Pathogenic
16 89810802 T A	Pathogenic
16 89810802 T G	Pathogenic
16 90040357 C T	Pathogenic
17 1877304 T C	Pathogenic
17 3499060 C A	Pathogenic
17 3499060 C T	Pathogenic
17 3655273 C G	Pathogenic
17 3655273 C T	Pathogenic
17 4902311 G A	Pathogenic
17 4902311 G C	Pathogenic
17 6425781 C T	Pathogenic
17 6428362 G A	Pathogenic
17 7221613 G A	Pathogenic
17 7221613 G T	Pathogenic
17 7222277 G C	Pathogenic
17 7222741 C T	Pathogenic
17 7223152 G A	Pathogenic
17 7223152 G C	Pathogenic
17 7224636 G A	Pathogenic
17 7224636 G C	Pathogenic
17 7448695 C A	Pathogenic
17 7448695 C T	Pathogenic
17 7673802 C A	Pathogenic
17 7673802 C G	Pathogenic
17 7673802 C T	Pathogenic
17 7805072 C A	Pathogenic
17 7805072 C T	Pathogenic
17 7824145 T C	Pathogenic
17 8013951 G A	Pathogenic
17 8013951 G T	Pathogenic
17 8077102 G A	Pathogenic
17 8079891 G A	Pathogenic
17 8079891 G C	Pathogenic
17 8103390 G A	Pathogenic
17 8103467 A G	Pathogenic
17 8173444 G A	Pathogenic
17 8173444 G C	Pathogenic
17 8173444 G T	Pathogenic
17 8173463 G A	Pathogenic
17 8173463 G C	Pathogenic
17 8173463 G T	Pathogenic
17 8173485 C A	Pathogenic
17 8173485 C G	Pathogenic
17 8173485 C T	Pathogenic
17 8173486 C G	Pathogenic
17 8173486 C T	Pathogenic
17 8173550 C A	Pathogenic
17 8173550 C G	Pathogenic
17 8173550 C T	Pathogenic
17 8173594 C A	Pathogenic
17 8173594 C G	Pathogenic
17 8173594 C T	Pathogenic
17 8229943 G A	Pathogenic
17 8230562 C A	Pathogenic
17 8231816 C T	Pathogenic
17 8237487 G A	Pathogenic
17 9608176 G A	Pathogenic
17 10525450 C A	Pathogenic
17 10525450 C G	Pathogenic
17 10525450 C T	Pathogenic
17 10533349 G A	Pathogenic
17 11693972 T A	Pathogenic
17 11693972 T G	Pathogenic
17 11699776 C T	Pathogenic
17 11822579 C T	Pathogenic
17 12998443 G A	Pathogenic
17 12998497 G A	Pathogenic
17 14159926 C G	Pathogenic
17 14159926 C T	Pathogenic
17 14206888 A G	Pathogenic
17 14206888 A T	Pathogenic
17 16948872 C T	Pathogenic
17 16952447 G T	Pathogenic
17 18119425 G T	Pathogenic
17 18120023 C T	Pathogenic
17 18154714 G A	Pathogenic
17 18156283 C T	Pathogenic
17 18171691 C A	Pathogenic
17 18171691 C T	Pathogenic
17 18245230 G A	Pathogenic
17 19024372 T A	Pathogenic
17 19347782 A G	Pathogenic
17 19381095 G A	Pathogenic
17 19381095 G T	Pathogenic
17 19657746 C T	Pathogenic
17 34252769 A G	Pathogenic
17 34632750 G A	Pathogenic
17 35177610 G A	Pathogenic
17 35879999 A C	Pathogenic
17 35879999 A G	Pathogenic
17 35879999 A T	Pathogenic
17 35880401 G C	Pathogenic
17 36486940 C T	Pathogenic
17 39673142 C G	Pathogenic
17 39673142 C T	Pathogenic
17 39673660 C T	Pathogenic
17 39684709 G A	Pathogenic
17 40456504 C T	Pathogenic
17 41583921 C A	Pathogenic
17 41583921 C G	Pathogenic
17 41610549 T A	Pathogenic
17 41968123 A C	Pathogenic
17 41968123 A G	Pathogenic
17 42405310 C G	Pathogenic
17 42405310 C T	Pathogenic
17 42565281 C G	Pathogenic
17 42565281 C T	Pathogenic
17 42565656 C G	Pathogenic
17 43082403 C A	Pathogenic
17 43082403 C G	Pathogenic
17 43082403 C T	Pathogenic
17 43094360 C A	Pathogenic
17 43094360 C G	Pathogenic
17 43528730 C A	Pathogenic
17 43528730 C G	Pathogenic
17 43528730 C T	Pathogenic
17 43755830 T G	Pathogenic
17 44007496 T C	Pathogenic
17 44253327 C T	Pathogenic
17 44259326 T A	Pathogenic
17 44260441 G A	Pathogenic
17 44260441 G C	Pathogenic
17 44260441 G T	Pathogenic
17 44260716 C T	Pathogenic
17 44375647 G A	Pathogenic
17 44380915 G A	Pathogenic
17 44380915 G T	Pathogenic
17 45453712 G A	Pathogenic
17 47284473 G A	Pathogenic
17 47284473 G C	Pathogenic
17 47307584 C T	Pathogenic
17 47731462 T A	Pathogenic
17 47731462 T C	Pathogenic
17 47944698 C A	Pathogenic
17 47944698 C T	Pathogenic
17 47945914 C A	Pathogenic
17 47946670 G A	Pathogenic
17 47946670 G T	Pathogenic
17 47946681 C T	Pathogenic
17 50167431 G A	Pathogenic
17 50167431 G T	Pathogenic
17 50167653 C T	Pathogenic
17 50170245 C G	Pathogenic
17 50170245 C T	Pathogenic
17 50198459 C A	Pathogenic
17 50198459 C T	Pathogenic
17 50356715 C T	Pathogenic
17 50601051 G A	Pathogenic
17 50601051 G C	Pathogenic
17 50601051 G T	Pathogenic
17 58210658 C T	Pathogenic
17 58214740 C T	Pathogenic
17 58270865 T G	Pathogenic
17 58272835 G A	Pathogenic
17 58273540 G A	Pathogenic
17 58273540 G C	Pathogenic
17 58279553 T C	Pathogenic
17 58279860 G A	Pathogenic
17 58584503 G C	Pathogenic
17 58584503 G T	Pathogenic
17 59079879 T C	Pathogenic
17 60656802 T A	Pathogenic
17 60656802 T C	Pathogenic
17 61859808 G A	Pathogenic
17 62565076 C A	Pathogenic
17 62565076 C T	Pathogenic
17 63411688 T C	Pathogenic
17 68555742 G A	Pathogenic
17 68555742 G T	Pathogenic
17 70132613 C G	Pathogenic
17 70132613 C T	Pathogenic
17 70132836 C T	Pathogenic
17 72122809 C A	Pathogenic
17 72122809 C G	Pathogenic
17 72122809 C T	Pathogenic
17 74299732 C G	Pathogenic
17 74299732 C T	Pathogenic
17 74301064 C T	Pathogenic
17 74346388 G A	Pathogenic
17 75286689 C T	Pathogenic
17 75495289 C A	Pathogenic
17 75495289 C G	Pathogenic
17 75495289 C T	Pathogenic
17 75727423 G A	Pathogenic
17 75762731 G A	Pathogenic
17 75840506 C A	Pathogenic
17 75840506 C T	Pathogenic
17 75847850 C T	Pathogenic
17 75948458 C G	Pathogenic
17 75948458 C T	Pathogenic
17 75953491 G A	Pathogenic
17 78117645 C G	Pathogenic
17 78117645 C T	Pathogenic
17 78993929 C A	Pathogenic
17 78993929 C T	Pathogenic
17 80104758 C T	Pathogenic
17 80105132 G A	Pathogenic
17 80105132 G C	Pathogenic
17 80105132 G T	Pathogenic
17 80105873 G A	Pathogenic
17 80105873 G C	Pathogenic
17 80107648 G A	Pathogenic
17 80107866 G A	Pathogenic
17 80108724 A C	Pathogenic
17 80108724 A G	Pathogenic
17 80108724 A T	Pathogenic
17 80112666 G A	Pathogenic
17 80112929 G A	Pathogenic
17 80117016 G A	Pathogenic
17 80117016 G C	Pathogenic
17 80118271 C T	Pathogenic
17 80118646 G A	Pathogenic
17 80214291 G A	Pathogenic
17 80339232 C A	Pathogenic
17 80339232 C T	Pathogenic
17 80369833 C T	Pathogenic
17 81511913 T A	Pathogenic
17 81511913 T C	Pathogenic
17 81719939 G A	Pathogenic
17 81935110 C G	Pathogenic
17 81935110 C T	Pathogenic
17 81935111 G A	Pathogenic
17 81935111 G C	Pathogenic
17 82924992 C T	Pathogenic
18 6965303 G A	Pathogenic
18 12371604 G A	Pathogenic
18 13885095 C A	Pathogenic
18 13885095 C T	Pathogenic
18 23534480 C T	Pathogenic
18 23539830 C T	Pathogenic
18 23561417 A G	Pathogenic
18 27992780 C T	Pathogenic
18 31333628 C A	Pathogenic
18 31333628 C T	Pathogenic
18 31546365 G A	Pathogenic
18 31598655 G A	Pathogenic
18 33738647 G T	Pathogenic
18 33744526 C G	Pathogenic
18 33744526 C T	Pathogenic
18 36156575 G A	Pathogenic
18 36156575 G T	Pathogenic
18 36213402 C A	Pathogenic
18 36213402 C T	Pathogenic
18 45734273 G A	Pathogenic
18 45739587 T C	Pathogenic
18 45955139 A C	Pathogenic
18 46560082 C A	Pathogenic
18 46560082 C T	Pathogenic
18 49906438 G A	Pathogenic
18 50036982 A C	Pathogenic
18 50036982 A G	Pathogenic
18 50251481 C A	Pathogenic
18 50251481 C G	Pathogenic
18 50251481 C T	Pathogenic
18 57554336 G A	Pathogenic
18 59345970 T A	Pathogenic
18 59345970 T C	Pathogenic
18 60371842 T C	Pathogenic
18 62109851 C G	Pathogenic
18 63798603 G A	Pathogenic
18 63804288 C A	Pathogenic
18 63804288 C T	Pathogenic
19 621090 C T	Pathogenic
19 1399180 G A	Pathogenic
19 1399180 G T	Pathogenic
19 1399793 C T	Pathogenic
19 1496417 C T	Pathogenic
19 1802541 G A	Pathogenic
19 1802541 G T	Pathogenic
19 2251179 G A	Pathogenic
19 3492396 G A	Pathogenic
19 3492396 G T	Pathogenic
19 4159729 C A	Pathogenic
19 4159729 C G	Pathogenic
19 4159729 C T	Pathogenic
19 6495645 G A	Pathogenic
19 6495645 G C	Pathogenic
19 7556709 C A	Pathogenic
19 7556709 C T	Pathogenic
19 8697493 G A	Pathogenic
19 8697493 G C	Pathogenic
19 8697564 C A	Pathogenic
19 8697564 C T	Pathogenic
19 10361817 G A	Pathogenic
19 10361817 G C	Pathogenic
19 10544813 G A	Pathogenic
19 11089559 G A	Pathogenic
19 11102777 C A	Pathogenic
19 11102777 C T	Pathogenic
19 11113337 C T	Pathogenic
19 11116166 C G	Pathogenic
19 11116166 C T	Pathogenic
19 11120198 A G	Pathogenic
19 11120198 A T	Pathogenic
19 11120461 G A	Pathogenic
19 11123263 C T	Pathogenic
19 11213198 C T	Pathogenic
19 11577187 G A	Pathogenic
19 12649135 C T	Pathogenic
19 12656688 C A	Pathogenic
19 12656688 C T	Pathogenic
19 12880864 T C	Pathogenic
19 12880864 T G	Pathogenic
19 12892125 G A	Pathogenic
19 12892125 G T	Pathogenic
19 12893543 G A	Pathogenic
19 12897713 G A	Pathogenic
19 12897818 G A	Pathogenic
19 12897833 A G	Pathogenic
19 12899466 A C	Pathogenic
19 12899466 A G	Pathogenic
19 13768642 G A	Pathogenic
19 15179397 G A	Pathogenic
19 15187315 G A	Pathogenic
19 15187315 G C	Pathogenic
19 15540506 G A	Pathogenic
19 15540506 G T	Pathogenic
19 16929078 C A	Pathogenic
19 16929078 C G	Pathogenic
19 17341663 T A	Pathogenic
19 17341663 T C	Pathogenic
19 17560436 G C	Pathogenic
19 17560436 G T	Pathogenic
19 17816972 G A	Pathogenic
19 17816972 G C	Pathogenic
19 18061120 A C	Pathogenic
19 18062272 G A	Pathogenic
19 18066569 G A	Pathogenic
19 18893551 G A	Pathogenic
19 32864206 G A	Pathogenic
19 32864261 C T	Pathogenic
19 33387892 C T	Pathogenic
19 33391470 C T	Pathogenic
19 33478091 C A	Pathogenic
19 33478091 C T	Pathogenic
19 34378971 C T	Pathogenic
19 35033654 C A	Pathogenic
19 35033654 C G	Pathogenic
19 35033654 C T	Pathogenic
19 35545758 G A	Pathogenic
19 35545758 G C	Pathogenic
19 35546944 G T	Pathogenic
19 35644276 G A	Pathogenic
19 35644276 G T	Pathogenic
19 35831052 C A	Pathogenic
19 35839418 C A	Pathogenic
19 35842390 A G	Pathogenic
19 35844371 G C	Pathogenic
19 35844371 G T	Pathogenic
19 35848707 C A	Pathogenic
19 35848707 C T	Pathogenic
19 35850407 C A	Pathogenic
19 35850407 C T	Pathogenic
19 36092813 T C	Pathogenic
19 38407003 C G	Pathogenic
19 38407003 C T	Pathogenic
19 38443612 C T	Pathogenic
19 38467654 C T	Pathogenic
19 38502649 T A	Pathogenic
19 38502649 T G	Pathogenic
19 38523927 C T	Pathogenic
19 38578030 C T	Pathogenic
19 40396962 G A	Pathogenic
19 40396962 G C	Pathogenic
19 40397250 G A	Pathogenic
19 40397250 G C	Pathogenic
19 40702599 C A	Pathogenic
19 41422274 G A	Pathogenic
19 42290242 C A	Pathogenic
19 42290242 C T	Pathogenic
19 44813547 C A	Pathogenic
19 44813547 C T	Pathogenic
19 44907777 G A	Pathogenic
19 44909080 G A	Pathogenic
19 44909083 G A	Pathogenic
19 45354774 T C	Pathogenic
19 45354774 T G	Pathogenic
19 45365053 G A	Pathogenic
19 45766866 C T	Pathogenic
19 46755610 C G	Pathogenic
19 46755610 C T	Pathogenic
19 46756793 C T	Pathogenic
19 47360017 A G	Pathogenic
19 48297995 C T	Pathogenic
19 48587246 G A	Pathogenic
19 48703560 C G	Pathogenic
19 48703560 C T	Pathogenic
19 48750557 A C	Pathogenic
19 48966341 G C	Pathogenic
19 48966341 G T	Pathogenic
19 49061381 C T	Pathogenic
19 49399142 G A	Pathogenic
19 49409288 G A	Pathogenic
19 49409288 G T	Pathogenic
19 49830510 G A	Pathogenic
19 50791683 C T	Pathogenic
19 50791780 C A	Pathogenic
19 50791780 C G	Pathogenic
19 50791780 C T	Pathogenic
19 50908596 C T	Pathogenic
19 51347006 C T	Pathogenic
19 54930571 T C	Pathogenic
19 54936313 G C	Pathogenic
19 55166064 C T	Pathogenic
19 57235043 C G	Pathogenic
20 1980445 G A	Pathogenic
20 1980454 G A	Pathogenic
20 2860067 C A	Pathogenic
20 3083005 G A	Pathogenic
20 3083005 G T	Pathogenic
20 3233949 G A	Pathogenic
20 3233949 G T	Pathogenic
20 3916955 C A	Pathogenic
20 3916955 C T	Pathogenic
20 4699663 G A	Pathogenic
20 4699758 G A	Pathogenic
20 5302137 C T	Pathogenic
20 5302504 C T	Pathogenic
20 5314027 C T	Pathogenic
20 5986027 C A	Pathogenic
20 5986027 C G	Pathogenic
20 5986027 C T	Pathogenic
20 9409080 G A	Pathogenic
20 9409080 G T	Pathogenic
20 10407713 G A	Pathogenic
20 10643818 G A	Pathogenic
20 10643818 G T	Pathogenic
20 10645391 C T	Pathogenic
20 13785223 A C	Pathogenic
20 13801528 A G	Pathogenic
20 13801652 T C	Pathogenic
20 18515695 G A	Pathogenic
20 18543110 C G	Pathogenic
20 18543110 C T	Pathogenic
20 32807751 G A	Pathogenic
20 32807817 C A	Pathogenic
20 32807817 C T	Pathogenic
20 34921805 T C	Pathogenic
20 37859902 A G	Pathogenic
20 43603845 A G	Pathogenic
20 43603845 A T	Pathogenic
20 44418500 G A	Pathogenic
20 44418500 G C	Pathogenic
20 44418500 G T	Pathogenic
20 44625581 G A	Pathogenic
20 44629046 C T	Pathogenic
20 45420397 C T	Pathogenic
20 45421445 G A	Pathogenic
20 45421445 G T	Pathogenic
20 46686788 G A	Pathogenic
20 47639679 C G	Pathogenic
20 49524089 C T	Pathogenic
20 54158136 G A	Pathogenic
20 54158136 G C	Pathogenic
20 59023553 G A	Pathogenic
20 59023553 G C	Pathogenic
20 59023553 G T	Pathogenic
20 59023745 C G	Pathogenic
20 59023745 C T	Pathogenic
20 59024379 C T	Pathogenic
20 59321158 C A	Pathogenic
20 59321158 C T	Pathogenic
20 62314320 C T	Pathogenic
20 62319696 G A	Pathogenic
20 62322666 G A	Pathogenic
20 62322666 G T	Pathogenic
21 18343504 A C	Pathogenic
21 31668558 G A	Pathogenic
21 32299078 G A	Pathogenic
21 32299078 G C	Pathogenic
21 32299078 G T	Pathogenic
21 32609853 G A	Pathogenic
21 33579349 C A	Pathogenic
21 33579349 C T	Pathogenic
21 33583575 G A	Pathogenic
21 33583699 T C	Pathogenic
21 34370683 G A	Pathogenic
21 36723048 A G	Pathogenic
21 39198843 T A	Pathogenic
21 41745845 C T	Pathogenic
21 42375787 C T	Pathogenic
21 42382101 C T	Pathogenic
21 42383088 C T	Pathogenic
21 42383168 C A	Pathogenic
21 42383168 C T	Pathogenic
21 42388436 G T	Pathogenic
21 42388935 G A	Pathogenic
21 42477286 C T	Pathogenic
21 42496186 T C	Pathogenic
21 42496186 T G	Pathogenic
21 43058862 C T	Pathogenic
21 43066353 G A	Pathogenic
21 43066353 G C	Pathogenic
21 43774690 G A	Pathogenic
21 44286007 A G	Pathogenic
21 44286007 A T	Pathogenic
21 44288459 G T	Pathogenic
21 44333075 C G	Pathogenic
21 44333075 C T	Pathogenic
21 44525658 C T	Pathogenic
21 44900319 C A	Pathogenic
21 44900319 C T	Pathogenic
21 44900489 G A	Pathogenic
21 44900489 G T	Pathogenic
21 44910352 T A	Pathogenic
21 45492714 G A	Pathogenic
21 45492714 G C	Pathogenic
21 46154176 G A	Pathogenic
21 46195731 C G	Pathogenic
21 46195731 C T	Pathogenic
21 46353115 C T	Pathogenic
22 17188449 T C	Pathogenic
22 17203564 G A	Pathogenic
22 17207107 C G	Pathogenic
22 17207107 C T	Pathogenic
22 19234688 C T	Pathogenic
22 19483988 C T	Pathogenic
22 20043392 C A	Pathogenic
22 20043392 C T	Pathogenic
22 20729329 C T	Pathogenic
22 20982573 T A	Pathogenic
22 20992304 C T	Pathogenic
22 20995873 G C	Pathogenic
22 24520470 T A	Pathogenic
22 24520470 T C	Pathogenic
22 26026879 C A	Pathogenic
22 26026879 C T	Pathogenic
22 26027013 C A	Pathogenic
22 26027013 C T	Pathogenic
22 28725241 A C	Pathogenic
22 28725241 A G	Pathogenic
22 28725241 A T	Pathogenic
22 31621010 C T	Pathogenic
22 36348958 G A	Pathogenic
22 36348958 G C	Pathogenic
22 36762975 G A	Pathogenic
22 37073553 C T	Pathogenic
22 37084775 G T	Pathogenic
22 37725611 G A	Pathogenic
22 37725611 G T	Pathogenic
22 37738720 G A	Pathogenic
22 38112559 G A	Pathogenic
22 38112559 G C	Pathogenic
22 38115582 G C	Pathogenic
22 38120888 C T	Pathogenic
22 40359307 G A	Pathogenic
22 42067764 C T	Pathogenic
22 42627363 G A	Pathogenic
22 42627617 C G	Pathogenic
22 42627617 C T	Pathogenic
22 46353829 G A	Pathogenic
22 49909243 C T	Pathogenic
22 50240214 G A	Pathogenic
22 50524131 A C	Pathogenic
22 50524131 A G	Pathogenic
22 50528595 C T	Pathogenic
22 50625639 C T	Pathogenic
22 50625653 G A	Pathogenic
22 50625653 G T	Pathogenic
22 50626674 A T	Pathogenic
22 50627182 G A	Pathogenic
22 50627182 G C	Pathogenic
22 50698763 C A	Pathogenic
22 50698763 C T	Pathogenic
X 8536777 C A	Pathogenic
X 8536777 C T	Pathogenic
X 9894539 G A	Pathogenic
X 19351368 C T	Pathogenic
X 22038492 C G	Pathogenic
X 22038492 C T	Pathogenic
X 32348471 C G	Pathogenic
X 32348491 G A	Pathogenic
X 32348491 G C	Pathogenic
X 32501833 G A	Pathogenic
X 32501833 G C	Pathogenic
X 32697869 C A	Pathogenic
X 32697869 C T	Pathogenic
X 37806392 C G	Pathogenic
X 37806392 C T	Pathogenic
X 45020680 C T	Pathogenic
X 67546171 C A	Pathogenic
X 67546171 C T	Pathogenic
X 67717484 G A	Pathogenic
X 67717484 G C	Pathogenic
X 67717484 G T	Pathogenic
X 67717495 G A	Pathogenic
X 70925907 C G	Pathogenic
X 70925907 C T	Pathogenic
X 77895397 C G	Pathogenic
X 77895397 C T	Pathogenic
X 106034293 T A	Pathogenic
X 106034293 T C	Pathogenic
X 106036488 C G	Pathogenic
X 106036488 C T	Pathogenic
X 111410089 T A	Pathogenic
X 111410089 T C	Pathogenic
X 119243199 C T	Pathogenic
X 132082393 A G	Pathogenic
X 139561733 T G	Pathogenic
X 150471377 C A	Pathogenic
X 154532257 C T	Pathogenic
X 154532269 C A	Pathogenic
X 154532269 C G	Pathogenic
X 154532269 C T	Pathogenic
X 154533044 C T	Pathogenic
X 154533122 C T	Pathogenic
X 154534390 G A	Pathogenic
X 154535261 C A	Pathogenic
X 154535261 C T	Pathogenic
X 154535963 G A	Pathogenic
X 154536156 A G	Pathogenic
X 154536168 G C	Pathogenic
X 154929259 C T	Pathogenic
X 154966433 C G	Pathogenic
X 154966433 C T	Pathogenic
