B3GALT6	P36T	Benign
ATAD3A	R218W	Pathogenic
ESPN	R113C	Benign
CAMTA1	I589V	Benign
CAMTA1	R1135W	Pathogenic
RERE	H1272R	Benign
ATP13A2	R460Q	Benign
ATP13A2	R76Q	Benign
SDHB	R230C	Pathogenic
SDHB	S163P	Benign
EMC1	L277R	Benign
HSPG2	S2446L	Benign
HSPG2	R1478H	Benign
WNT4	C338F	Benign
WNT4	E77V	Benign
ARID1A	D641A	Benign
ARID1A	P293S	Benign
ARID1A	A900T	Benign
ARID1A	G1062V	Pathogenic
ARID1A	G1711A	Benign
AK2	G205E	Benign
GJB3	F51V	Benign
SNIP1	E366G	Benign
COL9A2	R640Q	Benign
COL9A2	G457S	Benign
SLC2A1	L284P	Pathogenic
SLC2A1	G76R	Pathogenic
SLC2A1	P36L	Pathogenic
ST3GAL3	V199M	Pathogenic
POMGNT1	R497Q	Pathogenic
FOXE3	A255T	Benign
ORC1	A97S	Pathogenic
PGM1	R343W	Benign
DNAJC6	A220T	Benign
SLC35D1	P133L	Pathogenic
ALG14	R109Q	Pathogenic
COL11A1	K1443R	Benign
COL11A1	G1423E	Benign
COL11A1	R762W	Benign
COL11A1	Y499H	Benign
AMPD2	L797P	Pathogenic
SLC6A17	D59N	Benign
NRAS	G12R	Pathogenic
NOTCH2	P2359A	Benign
NOTCH2	L2210W	Benign
NOTCH2	V1816A	Benign
NOTCH2	R1787W	Benign
NOTCH2	S359F	Benign
GJA8	G46A	Pathogenic
GJA8	V97G	Pathogenic
SF3B4	A252V	Benign
ADAR	R1175G	Benign
ADAR	D973N	Benign
ADAR	G751E	Benign
ADAR	R633H	Benign
ADAR	Y177H	Benign
RIT1	A77T	Pathogenic
LMNA	R89C	Pathogenic
LMNA	E317K	Pathogenic
LMNA	R349Q	Pathogenic
SDHC	R50C	Pathogenic
TBX19	E188K	Pathogenic
SLC19A2	L422P	Pathogenic
SLC19A2	T405R	Pathogenic
LHX4	D39N	Benign
KCNT2	R190P	Pathogenic
ASPM	G1645V	Benign
KCNH1	I494V	Pathogenic
KCNH1	L379V	Pathogenic
KCNH1	R357Q	Pathogenic
CENPF	Q2549K	Benign
TGFB2	R299Q	Pathogenic
RAB3GAP2	R426H	Pathogenic
RAB3GAP2	A240P	Pathogenic
MTR	R52Q	Benign
AKT3	R465W	Pathogenic
ZBTB18	R455H	Pathogenic
HNRNPU	E140K	Benign
PXDN	N964K	Benign
MYT1L	R569Q	Pathogenic
SOX11	R51L	Pathogenic
SOX11	H109Y	Pathogenic
MYCN	R383H	Pathogenic
MYCN	R394L	Pathogenic
MATN3	A7V	Benign
DNMT3A	G298R	Pathogenic
OTOF	G524R	Benign
IFT172	C1727R	Pathogenic
SOS1	T828A	Benign
SOS1	I733M	Pathogenic
SOS1	I437T	Pathogenic
SOS1	G386C	Benign
SOS1	K170E	Pathogenic
SIX3	W253R	Pathogenic
TTC7A	L789P	Pathogenic
PNPT1	A510P	Pathogenic
BCL11A	H66Q	Pathogenic
BCL11A	C48F	Pathogenic
BCL11A	T47P	Pathogenic
ACTG2	G198V	Pathogenic
ST3GAL5	G235R	Pathogenic
EIF2AK3	E994Q	Pathogenic
EIF2AK3	E488K	Pathogenic
PAX8	I378V	Benign
PAX8	D200G	Benign
PAX8	R133Q	Pathogenic
GLI2	R131H	Benign
GLI2	C510Y	Pathogenic
GLI2	P840T	Benign
LCT	Q423R	Benign
LCT	Q423K	Benign
ZEB2	S1071L	Pathogenic
ZEB2	S1067L	Pathogenic
ZEB2	R1063P	Pathogenic
ZEB2	R1016Q	Pathogenic
ZEB2	R302Q	Benign
IFIH1	C962R	Benign
IFIH1	A82T	Benign
SCN3A	I875T	Pathogenic
SCN2A	I172S	Pathogenic
SCN2A	F978L	Pathogenic
SCN2A	W1594R	Pathogenic
SCN2A	N1662D	Pathogenic
SCN2A	E1880K	Pathogenic
SCN1A	I1922S	Pathogenic
SCN1A	F1543S	Benign
SCN1A	P1345L	Pathogenic
SCN1A	T226M	Pathogenic
LRP2	D2054N	Pathogenic
LRP2	T978M	Pathogenic
HOXD13	R307Q	Benign
COL3A1	G1095D	Pathogenic
COL3A1	P1270R	Benign
SATB2	P603L	Pathogenic
SATB2	E566K	Pathogenic
SATB2	Y556S	Pathogenic
SATB2	G515S	Pathogenic
SATB2	E402K	Pathogenic
SATB2	R399H	Pathogenic
SATB2	L394S	Pathogenic
SATB2	R389L	Pathogenic
SATB2	A386V	Pathogenic
NDUFS1	S701N	Pathogenic
CRYGC	L133F	Benign
CPS1	R1001H	Pathogenic
FN1	H307Y	Benign
FN1	P157L	Benign
FN1	C123R	Pathogenic
FN1	C87Y	Pathogenic
IHH	P300T	Benign
OBSL1	A693P	Pathogenic
OBSL1	E454K	Benign
OBSL1	R419C	Pathogenic
PAX3	R270C	Pathogenic
PAX3	G81A	Pathogenic
COL4A3	G58D	Benign
COL4A3	G118R	Pathogenic
ECEL1	L165P	Pathogenic
COL6A3	T2940M	Benign
COL6A3	V650I	Benign
COL6A3	A383T	Benign
TWIST2	Y143N	Benign
HDAC4	T1055K	Pathogenic
HDAC4	G875E	Benign
HDAC4	A635T	Benign
HDAC4	R530C	Pathogenic
HDAC4	E247G	Pathogenic
KIF1A	R1105L	Benign
KIF1A	Y347C	Pathogenic
KIF1A	R307P	Pathogenic
KIF1A	Y306C	Pathogenic
KIF1A	P305L	Pathogenic
KIF1A	N272D	Pathogenic
KIF1A	R254W	Pathogenic
KIF1A	R254W	Pathogenic
KIF1A	R216H	Pathogenic
KIF1A	R216C	Pathogenic
KIF1A	T99M	Pathogenic
KIF1A	R11Q	Pathogenic
ITPR1	H194L	Benign
ITPR1	T267A	Pathogenic
ITPR1	R269W	Pathogenic
ITPR1	Y567C	Pathogenic
ITPR1	L605F	Pathogenic
ITPR1	S704T	Benign
ITPR1	I1415V	Benign
ITPR1	V1542M	Benign
ITPR1	V1562M	Pathogenic
ITPR1	L1673P	Pathogenic
FANCD2	E1210G	Benign
VHL	S80R	Pathogenic
VHL	R161Q	Pathogenic
VHL	L188V	Pathogenic
SLC6A1	A305T	Pathogenic
PPARG	V318M	Pathogenic
COLQ	N81S	Benign
RARB	T233P	Pathogenic
PTH1R	T192I	Benign
PTH1R	A347T	Benign
SETD2	S1417I	Benign
